내용,평점,공감수,작성일
"맵에따른 다양한 몬스터와 사냥방법이 아쉽다 필드의 불완전몹드 유저들의 협동과 역활분담으로 사냥할수있었으면 하고 개인던전이나 길드던전에서의 다양한 장비(무기,방어구)도 획득할수 있도록 해야만 같은서버내의 분쟁을 좀 막을수있고 같은서버의 단합으로 서버간의 쟁이 활성화 될수있기를",3,310,2020-6-1
게임에서 필요한건 제대로 가져다놓지도 않았으면서 캐릭끼리 정보도 못보고 상대방 전투력 렙 못보고 거래도안되고 강화 확률 적어놓지도않고 오지게안되네요 ㅎㅎ 그리고 마석은92퍼에서도 잘실패하는데 확률 걍 같치레로 쳐박아두셨나요? 게임하다보면 돈 내노라는기분인데 ㅎㅎ 좀 적당히 하시지 이런리뷰에는 반응도안하시나요?? 쳐읽고 개선좀 해달라는건데 네임드는 젠시간이ㅋㅋㅋ 필드보스냐 무슨 확정보상도아닌데 젠시간이 10시간 12시간??,1,71,2020-6-14
컴퓨터로 자사돌려놓고 일끝나고 와서보니 물약이없어 죽어있길래 마을에서 회복시켰는데 주무기가 사라지고 없네요ㅡㅡㅋ 이런경우도있는가요...별것아닌 추적자의 훈장은 복구에 올라와있고...중요한 주무기는 사라지고없고ㅡㅡㅋ 그만 접으란거죠...? 앞전에도 팔찌사라졌길래 거래소에서 다시 샀는데...주무기가 사라진건 도저히 못넘어가겠네요ㅡㅡㅋ,1,297,2020-6-1
깔끔하고 예쁜 인터페이스와 그래픽이 마음에 들어요 당연 마음에 드는 곳이 있다면 마음에 들지 않는 구석도 있겠죠 개인적으로 다크체이서는 제 취향이 아니라 많이 아쉬웠고 액슬러와 같이 꼬맹이 남캐가 없던 것에 많이 아쉬움이 크네요 추후 액스러 같은 꼬맹이 남캐로 신직업이 나왔으면 좋겠어요,5,61,2020-6-8
"전형적인 호구 양산형게임, 그저그렇다 게이머보다 비게이머를위한게임 ㄹㅇ 다똑같아 왜하지이걸 키자마자실망함ㅋ 자동사냥 좋다고하는게 바쁜현대인들위한거라쳐도 주말에 시간내서 직접사냥하는 게임찾는사람이 훨씬많음 왜이런게임내는지모르겠네",1,53,2020-6-9
"온라인 게임중 젤 좋긴한데, 템 드랍이 너무 낮고, 낮아도 너무 낮음. 확률이 거의 제로에 가까움. 매일 반복되는 토벌 등을 하지 않으면 버티기 어려움.",3,72,2020-5-28
재밌다 pc 게임의장점 모바일 게임의 장점을 모아놨는데 아쉬운건 서버 100등정도 까지만 챙겨주고 나머지 유저는 뭐 그냥 관심이없나보다 ㅋㅋㅋㅋㅋㅋㅋㅋㅋ,5,4,2020-6-16
앱업데이트 이후 사냥중에 혹은 다른곳으로 이동하면 멈춥니다. 서비스센터에선 어플오류라고 합니다. 수장요청합니다. 댓글달아주세요. 기종은 G7 30버정입니다.,1,18,2020-6-7
"스마트폰 A9 Pro 업데이트 이후 게임이 멈춰버림 게임진행이 불가능합니다 건의사항 게시판에 글을 썼지만, 피드백이 오지않음 뭐라도 좋으니 제발 답변좀 해주세요",3,35,2020-6-4
안드로이드 10os로 6월10일 업데이트가 된후 게임이 1분도못하게 계속해서 멈추고있습니다..이유를 모르겠네요 게임 진행이 안됩니다.,3,6,2020-6-10
피렌체5섭에 구글계정 인데요 케릭이갑자기 삭제되었네요 LD플레어 랙이심해서 폰으로 다시접속중에 에러 나서 다시들어가보니 케삭되어있네요 고객센터 글도 안올라가고 지금 머하자는겁니까,1,0,2020-6-19
자사돌리고 이틀 못했더니 죽어있었어요. 그건 그렇다치고 영웅템이 없어졌어요. 문의했어요. 시간이 지나서 복구안댐 이래요. 살까하다가 기분니가 나빠져서 겜 접었어요. ㅋ,1,24,2020-6-16
이게임해본결과로는 무과금으로 버티는데 한계가 있고 현질유도 게임인건 알겠는데 넘 과한느낌이들어요 안드로이드 10 업데이트이후 들어가는 서버가 다 끊겨요 개선바랍니다,2,104,2020-6-10
다른거 다 실행 되는데 v4만 안됨. 설치할때도 마이너스 표시줄 뜨고 다 깔아도 ㅋㅋ 들어가면 다시 홈화면으로 나오고,1,5,2020-6-10
솔직히 난 과금하는거에 대해서 별로 불만없습니다 게임플레이도 만족하고 모바일주제에? 이정도면 너무 괜찮은거같아요 근데 이번 코스튬 욕해도되나요? 고르는거 없이.딱 두개있고 이거 뭐 사라는거에요 말라는거에요 전부 다 이거 입고 과티랑 뭐가달라요 똑같은거 입는데ㅡㅡ코스튬 추가 업데이트 빨리 필요할거같네요 망토 숨김기능도 만들어주세요 열받네요 걍 팬티만 입고 플레이 못하나요?,5,24,2020-5-26
정말재밌게 하고있는데 얼마전에 11000원짜리 매일매일레드잼 샀습니다 기존에 가지고있던 잼상자랑 겹쳐지더니 1개만 더추가되더군요 이거 환불이나 원래받아야하는 만큼 넣어주세요 이 이아디랑 연동되어있습니다,5,13,2020-6-2
"현질 개유도 게임~ 73렙까지 키웠는데 슬슬 접으려함 돈독이 올라서인지 골드로 뽑는건 진짜 욕밖에 안나와서 현질 좀 해봤더니 개판 어짜피 흰색,녹색 탈것,소환수 위주로 줄거면 영웅색 박스는 왜만들어서 주냐 피곤하게 안해 얼마나 오래가나 보자~",1,13,2020-6-16
전에도 했던 게임이었고 다시 하려고 다운받았는데...게임 실행이 안되네요...다운받는동안에도 계속 다운이 이상하게 -15.5% 이런식으로 마이너스로 계속 떠서 이상해서 계속 껐다키고 다시 받고 재부팅해서 ....우여곡절 끝에 겨우 받았더니....받고나서도 문제네요.....게임 실행하려고 들어가니...로그인화면까지도 안들어가져요.. 18세 게임 거기까지 뜨고 그후로 바로 게임이 꺼져요 그냥 .... 무슨 오류인지 확인후 수정해주세요..,1,33,2020-5-26
"아키에이지나 리니지1.2m같은 특별함이 부족하다. 구체적으로 케릭터와 스킬, 아이텀, 몬스터등.. 하지만 소과금으로도 충분히 게임을 즐기기에 무리가없다. 스킬 의존도가 강한게임이다. 특징을 찾아보기 어렵다. 최적화가 잘되어있지만 식상한 전투방식과 양산형같은 케릭터 외형과 스킬은 질리기 쉬운거같다.",4,9,2020-6-3
갤럭시s8+ 기기사용중입니다. 타게임 리니지2m은 안팅기는데 v4만 게임접속도안되고 계속튕기네요,1,3,2020-6-17
"자동매크로 유저가 많고, 컨텐츠가 과금해야 어느정도 이용할수있다는점. 과금도 조금해선 안됨..그리고 공식카페의 유저들이야기를 듣질않음. 한국게임이라 중국게임 매출이싫어 시작했는데 컨텐츠와 서비스면에서 부족한점이 많습니다. 개선하지 않으면 갓겜은 될수없고 단명할듯합니다.",3,164,2020-5-18
홍미노트9s 6GB 한국판 쓰는데 게임이 멈추고 한참후에 풀렸다가 다시 멈추고를 반복하네요 그래픽 최저로 해봐도 마찬가지. 최적화좀 해주세요,1,5,2020-6-4
"재밌게 즐겼습니다. 이제 그만 놓아줄려고 합니다. 더 강하게 성장시키고 싶었지만, 강화의 실패가 심각한 수준이라 그만 포기하고 떠날려고합니다. 더 성장고, 더 강하게 키우고 싶었습니다. 허나 저의 열망과는 다른 게임 내 강화 시스템이 저와는 맞지않습니다.",5,42,2020-4-8
"게임 재밌게하고있었는데 핸드폰 소프트웨어 업데이트 이후로는 멈춤현상이 너무 심해졌습니다. 혹시 저만의 문제인가싶었는데 아랫분이랑 증상이 똑같습니다. 1. 갤럭시 A9 2. 용량 부족 X , 소프트웨어 업뎃 이전에는 게임 실행 잘됌 3. 지웠다 깔아보기도했고 메모리 정리 등등 다해봤으나 증상이 똑같음. 갤A9쓰는 유저들은 다 똑같은 증상인것 같은데요.. 최적화 문제인지뭔지 모르겠으나 패치 한번만 부탁드립니다. 오랜만에 재밌는 게임 찾았는데 1달만에 접게 생겼습니다ㅠ.. 지금 게임 진행이 아예 힘듭니다..",3,194,2020-5-15
점검하고나서부터 지금까지 중간중간 멈춤현상때문에 게임을 5분조차 못했어요 멈추는현상 진짜 심각하니까 빨리 피드백받고 고쳐요,1,25,2020-5-29
갤럭시탭s4에서 화질이 너무깨져요 기계가썩은건지 게임그래픽개선이안된건지 뭐가문제인가요ㅜㅜ,5,2,2020-6-8
V4 재미있습니다^^ 제작에 고생하신게 느껴지고 컨텐츠도 천천히 나름대로 발전해가고 있는것 같습니다. 제가 처음 V4를 접하게 된 계기는 요즘 거의 찾아볼수없는 PC로 하는 온라인 RPG를 찾다가 PC로 먼저 시작하게 되었습니다. 기존 온라인RPG랑 약간 차이가 있었지만 간만에 접하는 온라인RPG 느낌에 재미있게 즐기던중 조금 아쉬웠던 점은 장비중에 반지와 훈장 획득 방법이 조금 아쉬웠습니다. 타장비와 다르게 과금을 하지않고 획득방법이 전혀 없다는게 유저들의 불만을 일으킨게 아닌가 싶습니다. 타장비와 다른 특별함을 두고 싶으신 거라...,4,212,2020-4-1
기종 : 갤럭시 a9 프로 증상 : 게임중멈춤(껐다켜도반복) 이로인해 게임 진행불가 1. 저장 여유공간 90기가 2. 게임 재설치해도 증상 똑같음 (캐시 데이터 삭제도 똑같음) 이증상은 안드10 업데이트 이후 나타남. 어떻게 설명할건지? 빨리좀고쳐라 피드백 왜이렇게 느린지,1,172,2020-5-16
"이건무슨상황인가요?? 오늘 날짜로 1년간 정지라는데 '비정상게임 기록이 확인되어,,,,,' 핸드폰 두개로 일할때나 집에서 거의 자동 사냥만 하는데...과연 나는 무슨 비정상 게임을 했다는 건가요? 계정 두개중에 네이버 계정이 정지됐는데, 접어도 이유나 알고 접읍시다..",5,51,2020-4-17
저는 V4한지5일 정도된것같은데요.패치를깔라고 공지문이 뜨더니 깔려는데 정의되지않은오류창이 뜨고 게임실행이 안되거든요..레벨42까지 열심히했는데 삭제해야되나 하는생각이 드네요.폰도 올해2월에만들어진 신상이라 문제가 없울듯한데 무슨문제 때문에 정의되지않은오류창이 뜨면서 게임실행이 안되는지 걱정되네요..여가는이것뿐인데....,5,134,2020-4-15
저가 원래 RPG 안좋아하는데 정말 컨텐츠도 많고 재미있는 게임입니다 저는 무과금유저인데 1번째로는 V4 넥슨캐시로 충전할수있도록 해주세요 그러면 무과금유저에게 조금이나마 도움이 될수있을꺼 같고 2번째로는 닉네임을 변경할수있도록 해주시면 좋겠습니다 . 아무토록 정말 수고하시고 재미있는게임인것같습니다,5,50,2020-4-17
게임 설치도 안되있는데 이 게임에서 20만원 결제됨 ^^ 이게 무슨 일임 ?? 찾아보니까 사례도 많던데 관리 안 하고 뭐함 ?? 내 돈 내놔 ㅇㅣ샤키들아,1,4,2020-6-4
수정 ... 극악뽑기는 역시 이지만 그나마 무과금도 꾸준하면 잼 잘범 근데 서버간 동맹으로 서버독식 혹은 구도붕괴와 캐릭 밸런스가 좀... 게임 피로도도 극악.. 해결방안은 많은데 안하는건지 모르는건지... 연합시스템이나 피븝시스템 개선이 필요함 연합간의 싸움에 죄없는 중립들이 죽어나가기도 하고...,3,19,2020-3-31
"액션 카메라와 그래픽화려함, 탈것 등 좋아서 재밌게하고 있어요ㅎㅎ 개발하시느라 고생많으셨어요! 조금 개발됐으면 하는점이있어요 ㅎ 블러이더같은경우 평타 게이지가 모였을경우 특수기나가는게 선택으로 하나 아이콘이 떠서 선택적으로 사용가능하고 기본기술중에 회피기(구르기)가 있으면 조금 손맛이 더 생길거 같아요 그리고 장비판매시 일괄판매가 없는거같아요 제가 못찾는거라면 알려주세요 ㅜ 모쪼록 더더욱 발전하는 V4가 됐으면 좋겠습니다~",5,84,2020-4-6
폰으로 게임하다가 컴퓨터로 하고 나서 폰으로 재접속하니 캐릭터가 없어졋습니다ㅡ 다시.컴퓨터로 접속하니 있어서 로그아웃하고 폰으로 재접하니 또 없네요.. 다시 컴퓨터로 접속하니 캐릭 만드는 화면만나오네요 ㅡ 답답하네요 ㅡ 같은계정인데 부캐릭만든거 또 나오고 ㅡ 어찌 찾을방법이 없나요? 구글 같은계정 연동인데 잘하던게 갑자기 없어져서 황당해요.. 찾을 방안을 알려주새용~~,4,104,2020-4-10
"무과금 유저는 즐기기가 힘든게임인거 같네요.. 파티시스템도 있으나 마나 한거 같고 수동으로 먹는 체력 물약은 무슨 가격이 말도 안되게 높아서 메인퀘스트 보스 잡을때 사용하다 보면 골드는 부족하고, 전리품을 상점에다 팔면 무조건 10원 골드수급은 도대체 어떻게 해야하며 성장은 도대체 어떻게 해야하는지 답이 없어요 과금한 친구는 아주 원활하게 플레이 하더라구요 과금이 답인가요. 무과금은 2일만에 벽에 부딛혔네요. 이럴빠에 차라리 검은사막 하러 가겠습니다. 그래도 검은사막은 1주일정돈 재미를 느낀거 같습니다. 이렇게 빨리 무과금의 한계에...",1,242,2020-4-24
저번업뎃후....게임후 자꾸 튕깁니다. 게임내 고객센터에선..글도 안쳐지고..제폰에..RAM정리 다해도 튕깁니다.. 특히 필보나오면 어김없이 팅!!접하면팅 접하면팅.... 사냥하다가도팅...마을갔다가도 팅...ㅠㅠ 머모리정리도 다하고 심지어 사진들도 엄청지우고 게임삭제후 다시깔아봐두 팅.. 노트9이구요..파밀라4 이쌧노랑..확인좀 해주세요~~,1,14,2020-4-4
구글 계정 해킹으로 새벽에 결제가 여러번 있었습니다. 구글페이에 환불을 요청하긴 했지만 여기에도 얘기하는게 빠르지 않을까 생각합니다. 제 구글 계정으로 v4 캐릭터가 생성되어있진 않은걸 방금 확인했고 그럼 아마 해킹한 본인 캐릭터에 과금했을텐데 찾아서... 음... 법적 처리가 가능항지 궁금하네요.,1,108,2020-4-10
무과금이나 소액과금러는 절대하면 안되는 게임.딱 레벨70에서 아무것도 못함..퀘스트 진행안하면 하루종일 돌려도 경험치 안올라가고 쓸만한것 줍지도 못함..골드도 안모여 마석각인도 밀림..케릭이나서버 문젠가 하고 3군데서 키워봤지만 똑같음..스트레스 받지말고 다른겜 추천~,1,91,2020-4-27
"저는 게임 잘 안하는데 V4는 우연히 시작해서 지금까지 계속 꾸준히 잘 하고있는데 그래픽 , 게임 플레이 지금까지 뭐 다~~~좋은데 아침에 업데이트 한다고 되어있어가 퇴근하고 다운로드 해서 로그인 했는데 안되네요 100번 잘해봐야 1번 잘못 하면 욕먹는게 사회이고 현실인데 암튼 짜증나는건 사실이구요 프로그램 개발 관리 하는분들이 신입이나 초보자라면 이해는 하겠지만 당황스럽네요",1,25,2020-3-31
한번 더 튕기면 삭제예정임. 비텐 파르에서 8시 가까워지면 계속 튕김. 2일 연속 당하니 슬슬 화납니다. 게임내 버그 요청 하려했더니 그마저도 글쓰기 너무 어려움 하...그래도 오래시간 꾸준히 한 게임인데 최근 실망이 큼,3,3,2020-3-31
게임은 잼잇는데..어느날부터 성물전땐 불완전.토벌돌지말라하고.. 이번엔 필보도 제한이 잇는지 잡으러 가면 죽이네요...예전에는 이런거 모르고 겜햇엇는데..요즘엔 질서라고 지켜달라고하면서 제재가 많아졋어요ㅜ 그냥 겜하면 안돼요?뭐가 이리 복잡해진거죠?ㅜ,4,32,2020-4-8
"운빨이 상당히 강하군요ㅇ.ㅇ 접으려고하면 하나 주고 깨지고 터지고 날리고, 병주고 약주고 허허. 넥슨 묘미아니겠습니까? 일단 꾸준히하면 된다는 .. 게임오픈부터 시작한유저인데, 넥슨게임 중 최고라고해도 과언이 아닙니다. 늘상 넥슨넥슨 그랬는데 역시 넥슨해주시네요 넥슨님들. V4만은 좋은게임으로 남으면좋겠습니다.",5,30,2020-3-31
린m3년 유저입니다 첨엔 린m 짝퉁쯤으로 알고 시작했는데...70넘으니 재미있습니다. 컨텐츠도 중요하지만 가장 신선했던것은 서버쟁이었습니다. 아이온의 종족쟁이나 린엠의 대규모 공성전이랑 비교 안되는 재미가 있고 적대길드라서 싸우다가도 / 레이드하다가도/ 심지어 막피들 마져도 서버쟁났다고 하면 함께 가서 썰자하고 돌아와 하던 일을 이어 하는 모습이 굉장히 인상적이었습니다 서버마다 조금은 틀리겠지만 한달 조금 넘는 기간 플레이 해본 경험으로 나쁘지 않습니다 단점은. 좀 강압적인 서버쟁 참여입니다. 렙이 안되서 쟁지역을 못들어가던때 쟁끝...,5,13,2020-3-31
구글 미승인결제 해도 넥슨 새키들은 나몰라라 환불안해줌 그래서 구글에 문의넣어서 환불받음 카악퉤 넥슨 벌래새끼들 다 디져버렷 니들이 안주고 뻐겨봐야 구글 형들이 해줌 ㅅㄱ,1,3,2020-5-30
리뷰남기려고 게임다운받았습니다. 제가 이게임 사용하지도않는데 11만원짜리 결제가 두번되었네요. 구글측에 의뢰를해놓은 상황이기는 하지만 당황스러워 다운받고 리뷰남깁니다. 넥슨이 한국게임이라 다행이지 사용하지도않는게임 22만원이나 날렸어요 아직 구글에서 답변이오지않아 돈은 빠져나간상태구요... 이런적은 처음이라 당황스럽고 해서 리뷰남깁니다,1,93,2020-5-8
게임 들어가자마자 멈추고 드가기전에 튕기는데 해결법좀 알려주세요 운영자님,5,0,2020-6-6
솔직히 휴대폰 mmorpg겜 최고봉중 하나라 생각한다. 그래픽 상타치에 타격감 ㄱㅊ고 할 컨텐츠도 꽤 있으면 필드보스나 특수 네임드 쟁하는 맛이 쏠쏠하다. 한가지 문제점이 있다면 그건 사람들이다.. 정치질에 내전에 과도한 통제등 이런거 생기면 답이 없.....,4,27,2020-4-24
"이것은 혁명입니다 !사실 온라인 게임 (노가다,컨트롤,공략 ) 게임에 한계도 느껴서 게임 자체를 안했는데 일단 pc로 연동된다는게 최고인듯 합니다 글씨도 잘보이고 여타pc온라인게임 보다 낳은듯 합니다 그럼 수고하세요",5,40,2020-4-17
좋은게임만들어서감사합니다 레벨은어느정도올려는데요 문제는무기수급이힘들고요 무기렙올리기두힘들고요 아이템구하기가하늘에별따기네요 이게임이오래가기위해서는아이템이잘구해져야하구요컨텐츠매일반복되는일퀘그리고맨날똑같은아이템 제발이겜만은오래할수있도록해주세요,4,3,2020-4-12
카드 승인취소 문자오는데 아이템은 구매되서 사용했어요 어떻게 처리해야됩니까? 빠른답변,1,5,2020-5-29
핸드폰 접속시 오류가 떠서 접속을 못함!!!!!!!!,1,0,2020-6-16
시스템개선 급선무 파티시스템 존재이유 아무 쓸모 없게 만들었네요 파티동행같은기능 전혀없고 파티플레이로 할수있거나 친구와 친한유저와도 파티사냥 전혀 안됨 심각한 수준 ..이런걸 안해놓고 유저만 늘린다고 좋은게 아닌거 같은데,3,4,2020-4-11
갑자기 중복 로그인 뜨면서 튕기더니 다시 접속하니까 이미 처리중인 요청중이라고 잠시후 다시 시도 하라는 알림만 계속 뜸. 지우고 다시 깔았는데도 그럼. 과금유도는 더럽게 하면서 이딴건 안고침.,1,6,2020-4-20
추가다운 받으래서 받는데 아니 무슨 다운로드 진행이 8.0% 까지가다가 점점 다시 내려가더니 심지어 -1.6% 가 되더니 알수없는 오류라고 뜨면서 더이상 진행이 안되네요 밑에 댓글중 하나를보고 지우고 폴더 삭제하고 다시해도 마찬가지입니다. 살다살다 다운로드진행이 -1.6%로 내려가는건 첨봅니다,1,39,2020-5-5
저는 이번패치가 별로 마음에 안드네요 잼거래를 막은건 이해가는데 클랜원들끼리 아이테 주고받고하는거 막은건 선넘었지,1,0,2020-6-10
제가 진짜 리뷰 안남기는데 v4 뽑기랑 강화 확률 와ㄱㄱㅋㅋㅋㅋㅋㅋㅋ 너무심합니다 현질을 해도 불만이 생길정도니... 인간적으로 확률좀 높혀줘요...,3,1,2020-6-19
너무 재밌게 하고 있어요 렉도 잘 걸리고 버그도 많고 그래서요,5,1,2020-6-16
"해킹당해 결제되었습니다. 지메일 계정이 해킹당해 연결되어있던 카드를 통해 v4 레드잼 110,000원이 결제되었습니다. 주변의 가족, 친구 중 이 게임을 하는 사람이 없어 주변인의 소행도 아닙니다. 구글 측에서는 개발자 측에 문의하라하여 이메일 문의를 드렸으나 답이 없어, 리뷰 쓰기 위해 게임을 설치하고 리뷰 남깁니다 제가 사용하지 않은 결제건에 대해 환불 요청드리오니 확인 부탁드립니다",3,7,2020-4-9
V4 구글 연동해서 사용중이었는데 오늘 갑자기 구글연동되있던 케릭터가 찾을수없다고 나옵니다 하루아침에 이게 먼일인지 빠른시간에 복구및 확인부탁드립니다 개발자님에게 자세한 문의 보냈는데 넥슨에서는 문의를직접 올릴수없게 되있어서 내캐릭터 찾아주세요ㅠㅜ,1,18,2020-4-24
"저번 업뎃 때도 실행이 안 되서(알 수 없는 오류), X 폴더 지우고 재실행 했었는데, 이번 업뎃 이후에 또 그런 증상이 나타나네요? 이번엔 X 폴더를 지워도 실행이 안 되네요?? 왜 이렇게 매번 번거로운지...",5,29,2020-4-28
거래소에서 뭐좀 판매하려고 해서 등록하려 클릭하는데 영어로 기능활성화가 안됬다고 하는데 이거 어떻게 활성화하죠? 친구들은 18세이용가라 인증하고 다운받았다고 하던데 저는 그냥 다운받아지길래 그냥 쭈욱 해서 그런지 모르겠는데 갑자기 이러니 당황스럽네요 ㅜㅜ,3,40,2020-4-28
게임 실행이 안 돼요 로딩 창 켜지다가 바로 꺼집니다 /이제 너무 잘 돼,5,1,2020-6-16
리뷰남기려고 다운했습니다. 새벽에 33000원으로 레드젬 샀다고 날라오길래 검색해보니 이미 이게임 유명하더군요ㅋ 도대체 게임 결제시스템을 어떻게만들어놨기에 뉴스에나올정도로 해킹이 심한겁니까? 게임 못만드는거야 하루이틀얘기도아니고 상식적으로 과금으로 먹고사는회사면 결제시스템은 제대로갖춰야하는거아니에요? 진짜 기분더럽네요,1,8,2020-5-22
정의되지 않는 오류? 이건 또 뭔가요 접속이 안되네요ㅡㅡ,1,0,2020-6-16
그냥저냥 무과금 할만 하긴 한데 역시 어느정도 투력 올리고 나니까 더이상 오르질 않네요..일주일 빡시게 돌려야 만정도 오르려나..아..이제 게임 탈 하고 지워야 하나... 제미없어..작업장 케릭도 졸라 많다..70%이상이 작업장 케릭임...ㅋㅋㅋㅋ,1,3,2020-4-4
1점도 아깝습니다. 리니지도 좋은 게임은 아니라고 생각했는데 따라하기만 겁나 따라했지 게임성도 없고 개성도 없고 특색도 없어요. 운영도 못하고 그래픽만 좋네요. 컨텐츠도 뭘 재미로 느껴야할지 모르겠어요ㅋㅋㅋ,1,1,2020-4-9
와..어쌔씬 패치후로 접속도안되고 삭제하고 다시 깔아도 마찬가지네?? 오류해결도 못하면서 업데이트 만하면 다인가??? 하지말라는거냐 아니면 계속 데이터만 날리라는거냐?? 돈만벌면되지 돈슨 은,1,9,2020-4-18
아래의 댓글과 같은 문제로 X 폴더를 지운 후 다시 설치하였는데 추가설치파일 다운로드 과정에서 자꾸 에러가 발생하고 수십번 반복하여 겨우 다운받으면 로딩 화면 직전에 바로 팅겨버리는 문제가 지난 업데이트 이후 지속되고 있습니다. 플레이는 PC로만 하기 때문에 괜찮지만 결재가 불가능해서 불편하네요.,5,9,2020-4-20
아달리란 닉을 쓰고있는 유저입니다. 오랜만에 이런 게임을 하니 재밌고 즐거워서 시간가는줄 모르겠습니다. 하지만 투력이 너무 딸리더군요ㅜㅜ 64레벨에 8만4천인 지금 너무 힘듭니다.,5,4,2020-4-26
카메라 회전이 이렇게 잘못되어있는 게임은 처음이네요 빨리 개선되어야합니다. 최대한 작게 고정좀 왜 몬스터 공격만하면 화면이 커지니 그대로 고정은 안되는거니 카메라가 안움직이게 패치좀해줘라 아 졸라 짜증나네,1,28,2020-4-28
파티사냥 어렵네요 ㅋㅋ 십 수년 전에 SP1 게임을 킹왕짱 좋아했었는데 다시 복구는 안되는지 ㅠㅠ,2,12,2020-5-28
팽킨돌림판 너무 영웅템 거의 비껴서 영웅템 2가지 있서도 못먹어요 아무리 모아도 돌리고 해도 안걸려요 그래서 왜 하는지 도저희 희망을 인고 도전을 시도 해도 안뜸 차라리 안하고 A3로 넘어 가야 싶습니다 아무리 노력을 해도 먹을 수가 없네요 평점 0 이 없어서 1드려요 재미가 점점없어져요 그래도 액스 게임은 궁긍장비를 업그레이드 해서 하는 시스템이 좋아서 게임이 정말 재미가 있네요,1,4,2020-3-31
정말이지 재미없는 게임이네요. 채팅도 힘들고 길드원간 대화도 잘 안되고 초반에 현질해도 일정렙 되면 아무리 자동 돌려도 렙이 잘 안올라감니다. 무과금은 어림도 없고요 소과금도 게임 힘듬니다.,1,3,2020-4-13
"소프트웨어 업데이트후 계속 멈추는데 해결해야하는거 아닙니까?오픈후 하루도 안쉬고 열렙중에,과금도 꽤했는데, 방법찾아주시죠. 오늘 업데이트되도 멈추네요.패치안해주실겁니까",1,3,2020-5-19
역시 기대이하 컨설 랭커를위한겜 ㅋ 0추잎에팔기잘한듯ㅋ 웃긴게 축강화 5강바 면10/9는 파괴 ㅋ 돈독오른듯ㅋ 디아블로이모탈 나올때까지다른계정으로놀다가삭제할겜 ㅋ,1,2,2020-5-28
아무 생각없이 하고있으나언제부터인가 업뎃이후에 멈춤 현상이 계속일어나고있음돠-_- 하다가 승질이 나네요,1,0,2020-5-30
"무과금 소과금러들 특정구간에서 막힌다고 접는다고,하지말라고 평정남기는데 개소리들 집어치워라 현71레벨 블레이더 무과금으로 잘하고있다.꼴랑몇일 쳐해보고 되네 안되네 뻘소리하기전에 니쉐키들 성격 급한거부터 쳐고치고 겜시작해라 징징대지말고 운영자님 겜 잘하고있습니다.앞으로도 지금같은 운영으로 계속나가주시길...",5,4,2020-5-5
구글 계정 해킹으로 39만원이 결제 되었습니다. 휴대폰을 사용한적이 없는데 돈아 결제가 되었습니다. 빠른 조치 부탁드립니다 해킹이라는 것을 증명할 수 있으며 모든것에 협조 할 것이니 빠른 조치 부탁드립니다,1,48,2020-4-14
이딴것도 게임이라고.. 자동사냥 해놨더니 벽에 걸려서 무한 걸려있다.. 하루종이루반복되는 자동사냥.. 현질안하면 PVP 나 레이드는 참여도 못해.. 정말 양산형자동사냥 지루한 게임.,1,3,2020-5-20
리니지2M하고는 다른 느낌으로 재미나고 운영자가 열심히 하여 유저들의 말에 귀를 귀울이는 모습이 보입니다. 앞으로 더 좋은 게임으로 유저들과 소통 하였으면 좋겠고 번창하세요^^타르시5섭 '주신루루' 올림,5,6,2020-4-9
그래픽이 진짜 좋은 게임!! 근데 혹시 퀘스트 받으면 자동으로 퀘스트 진행하는거 끄는 거는 없을까요???!! 게임은 하려고 있지 보려고 하는건 아니잖아요 ㅎ 아무리 찾아도 없어서용,4,5,2020-4-9
A9 pro 유저인데요. 방금 V4 실행시켰는데 자꾸 멈추네요 ㅡㅡ 아침에 안드로이드업뎃후에 이런 현상이 생긴것같은데..빠른 조치 부탁드립니다.,2,4,2020-5-21
사전 예약했는데 보상은 왜 안해주나요 사전예약 기간에 예약했는데 영웅등급 무기가 어디로 지급이 되는건가요? 제가 못찾는 건가요? 아무리.찾아도 없는데요,1,1,2020-4-15
상품결제했는데 돈만빠져나갔다고요 빨리조취안해줘요 ?,5,0,2020-6-3
겜 접속이 안됩니다 그냥 팅겨나옵니다 왜 그렇죠?,1,0,2020-6-10
이번 업데이트후 재접석하니 왜 멀정히 있던 망토가 사라졌는지 궁금하네요 ? 정말 겜하기 싫어지게 만드시네요.. 빠른 조치부탁드립니다. .,1,6,2020-6-9
소프트웨어 업데이트 후 멈춤 현상이 심해졌습니다,3,1,2020-6-5
재미있어요. 하지만 어느정도 과금은 해야 합니다.,5,0,2020-6-16
폰으로 하다가 핸드폰 핫스팟으로 와이파이틀어서 노트북으로 하려고 로그인을 했는데 IP주소가 맞지않다며 자꾸 안들어가져서 짜증나요~어떻게 해야할까여?,3,0,2020-4-13
접속과동시에 게임화면이 멈추는 이유 가 뭔가요??? 게임이 실행은되나 접속하면 화면이 멈춰 플레이가 안됨 해결방안좀 주세요 2주동안 하다가 어제부터 그러네요,1,4,2020-4-25
블루스텍을 이용해서 게임ㄴ중인데 30분을 못견디고 서버가 지속적으로 끈김현상이나고 과부하현상이나요 모바일버젼과pc버젼을 함께 운용할수는 없나요?,2,1,2020-4-1
아니 넥슨 컴퍼니 뭡니까? 앱을 설치한 적도 없고 제가 결제 한 적도 없는데 11000원이 제 국민카드에서 빠져나갔습니다. 빠른 조치 부탁드립니다.,1,4,2020-4-3
소프트웨어 업데이트후에 멈춤현상이 계속일어나네요. 갤럭시a9프로 인데 잘되다가 이래서 멈춤현상좀 잡아주세요.,1,0,2020-5-19
v4하는 유저입니다 장비들 9강 이상부터는 띠운장비에 좀 특별한 색으로 펙트좀 넣어 주세욤 빛이 난다거나 색깔을 넣어 주시던지 .....1강이랑 9강이랑 차이점 좀 넣어 주세욤 ,5,0,2020-4-6
신입유저입니다 앱을 다 깔았는데 여정을 준비중입니다로 뜨면서 계속 팅기네요 캐릭을 만들지조차 못하고 있고 깔고 지우고를 반복하는데 안되서 글 남겨봅니다 어찌해야되는걸까요?,4,6,2020-4-19
오늘 4월28일 업데이트하고 정의할수없는 오류로 게임데이터도 다운이안되고 다운이되엇을때에는 서버점검중이라고 로그인조차 되지않습니다 지웠다 새로깔았다를 3번째하는데 전혀 진전이 없네요,1,1,2020-4-28
"넥슨이 그동안 똥망겜(엑스,히트다 히트, 트라하)을 계속 만들었던건 v4를 위한 추진력이었다. 위 세가지 똥망 트리오 두시간 도 안하고 지워버렸는데 이번껀 이주넘게 하는중..검사랑 느낌이 비슷하면서 시스템은 리니지?",5,3,2020-5-8
게임내 고객센터 찾기가 바쁘게 꺼져버리는데 무슨수로 합니까?? 방법좀 찾아주세요 네???,3,1,2020-5-28
게임설치했는데 최적화중 버퍼 100프로 다받고나서 바탕화면으로 팅겨요 폰은 노트8인데요.. 뭐가문제일까요?팅겨서 겜을 못해보고있어요,3,4,2020-4-17
패치할 때마다 정의되지 않은 오류 이건 머냐 섭 오픈부터 계속 해왔지만 유저 밀어내는 것도 아니고 참 . 오늘 하루종일 머하자는건지,1,6,2020-4-28
게임접속도 안되고 열심히키우고있었는데 언제까지 기다려야되나요. 정의되지않은오류라고 계속뜬네요.그냥게임 접을래요.,3,1,2020-4-19
무과금도 충분히 재미를 느낄수있는 게임이네요. 각 지형 몹의 양이 늘어나면 사람이 많아도 좀더 수월하게 사냥이 가능할거같아요. 좋은 게임 감사합니다^^,5,7,2020-4-28
이블린보물패키지 구매후에 패키지는 들어오지도않고 구매만 됐습니다. 확인후 조치 바라고 혹여 다른곳에 문의를해야된다면 빠른시일알려주세요.,1,3,2020-5-9
게임 재밌는데 업데이트가 100% 다 됬는데 열기 버튼이 안생김 취소했다가 해도 이럼 너무 짜증..,5,0,2020-5-26
아니 지금 오늘 긴급점검 이후로 초 단위로 멈춰스 자사를 못돌려요 이거 빨리 해결 좀 해주세요 휴대폰 문제인가 싶어서 지금 서비스센터도 다녀왔는데 휴대폰 문제가아니라 게임앱 문제라고 하네요,1,56,2020-5-27
"이벤트로 받은 어쌔신 아스카탄 보조무기가 사라졌습니다. 창고에도 없고, 영혼석으로 교환한적도 없고, 회복사한테 가도 장비 복구에도 없습니다. 대체 어떻게 된거죠? 복구 해주실 수 있나요?",3,1,2020-4-23
하...다른서버에서는 60레벨되니까 거래소이용되더니 왜 호번5서버에서 꼬박 플레이해서 60레벨만들엇는데 왜 거래소에서 장비사려니까 자꾸 에러가 뜨네ㅠㅠ몃시간동안 머리를 싸매도 모르겟네요..나만 이런거임?ㅠㅠ현질까지 그래도 좀햇는데 기분상해서 게임하겟음???ㅠㅠㅠ,3,7,2020-4-29
몇가지 시세안정화나 불만도있지만 이정도면 충분히 별5개짜리,5,0,2020-6-11
화려한 배경 멋진 몹 예쁜 캐릭 루즈감 없는 빠른 레벨링 피시와의 연동 대만족입니다만 ㅜㅡㅜ 자동로그인에 익숙해지다보니 재설치후 아이디 잊어버렸는데 찾을수가없어요 러블리숙이 아이디좀 찾아주세요 ㅜㅜ,5,0,2020-5-12
재미있긴한데 영혼석이 너무나 파괴가 잘됩니다 적당히 파괴가 되야 하는데 장난하는것도 아니고,5,0,2020-5-28
발열이 넘 심합니당 이거 뭐 어떻게 안 되는 건가용,5,0,2020-6-9
V4 다시시작해보려고 다운받앗는데 처음에 넥슨로고화면 뜨고나서 바로 튕깁니다 계속 튕겨서 삭제후에 재설치햇는데도 계속그러네요..,1,1,2020-4-13
"정의되지 않은 오류, 업뎃 할때마다 항상 오류가 생기고 어디서 오류가 나는지도 몰라 수정도 못 하는것 같네요..",1,1,2020-4-29
"신서버 오픈 영웅급 장비 준다는 말은 낚시 였나ㅡㅡ 그래픽은 좋은데, 장비 안 주니간. 별 하나.",1,0,2020-4-14
수많은 모바일 게임을 해봤지만 점점 나아지는 컨텐츠와 운영관리 게임의재미 여러부분을 종합한결과 저에게는 현재 TOP 입니다.,5,25,2020-5-28
결국 현질해야되는게임.현질안하면 진입장벽이 너무 높아 포기하는 게임. 강화도 도박이라니,1,5,2020-4-6
5월26일 점검/업데이트 후 접속후 10초쯤 지나면 계속 팅기고 있습니다 왜이런지 모르겠네요ㅜㅜ,3,36,2020-5-26
아이템 드랍율 혁득율 극악인 게임 현질도 한두푼으로 어림 없는게임. 무과금 유저는 그냥 즐기기만 해야함. 아이템 욕심 버려야 됨.,3,44,2020-5-26
몇달 즐긴 유저로서 솔직히 지루하다 75이후 렙업도 어럽고 렙업할 이유도 모르겟다 피케이 시스템이 어정정하고 먼가 특별히 중독될만한 요소가 적다 슬슬 접을때가 온것같다,2,2,2020-3-31
이번에 업데이트 한다고 한번 해볼까 하고 접속했는데 이거 설마 14일에 복귀해야지만 복귀 보상주고 지금 접속한 사람은 복귀보상에 포함 안되나요?,4,1,2020-4-10
업뎃할때마다 계속팅겨서 삭제하고 재설치하고 몇시간씩잡아쳐먹고 겜내오류는 계속 늘어나고ㅡㅡ 유저 피빨아먹는겜같으니,1,11,2020-5-27
동종게임 중에 쉽게 만들 었습니다. 컨트롤.그래픽.은 비슷 합니다. 리니지는 안했지만 하라 그래도 안합니다.,5,0,2020-3-31
배경음악 렉이 많이 걸리며 필드 대비 방어와 공격력이 약해 금방 지치게 만들며 현질을 유도하게 하내요,3,0,2020-4-29
매번 새로운 업데이트와 신경써주셔서 감사합니다. 위치이동을 찍었을때 가끔씩 같은곳을 반복움직이는 오류가있는데 수정부탁드립니다.,5,7,2020-5-3
55000원 결제해서 2000레드 잼을 구매했는데 돈은 빠져나가고 왜 게임에서는 아무것도 처리가 안된거죠? 이거 처리좀 해주세요,1,2,2020-5-3
저는 나름대로 잘 하고있습니다 ㅎㅎ 의외로 과금투자를 하지않아도 재미있네요. 살짝루즈한 느낌이 있지만 패치를 통해 개선하면 된다고 생각합니다 ㅎㅎ,4,30,2020-5-29
게임은 그저그런데 몇몇 나잇값 못하는 아재들끼리 욕하면서 싸우는거보면 은근 재밌음,5,0,2020-6-1
게임을하다가 다른사람은 서버 통합 선물 주는데 저만 못받았어요 이거 누구는 주고 누구는 안주고 너무한것 아닙니까? 통썹에서 같이 사냥하는건 매한가진데ㅠㅡㅠ 무슨 기준이라도 잇는건가요? 상황 설명 없이 못받은 사람은 굉장히 서운하네요,3,0,2020-4-13
다운 접속 안됨...지우고 다시깔고 재 다운 해도 안됨 아예 접속불과 수요일에 한번식 서버 점검후....다운로드 불과 재설치 재 다운 아예 안됨 이유가 뭔가요 ㅡㅡ,2,0,2020-4-14
과금도 나름 어느정도하고 겜즐기던 유저입니다 느닷없이 어제 이용정지1년 먹기전까진 말이죠 아무설명없이 그냥 겜중 팅기더니 이용제한조치되었으니 고객센터에 문의하라는글만뜨더군요 문의했으나 하루넘게 답변이없습니다 운영정책을 위반한 비정상적인 게임이용내역이 있어서 제한되었다는데 잼을 결제외 구매한적도 판매한적도없고 매크로나 불법프로그램 사용해본적도 없는데 대체 무슨 사유로 주말내내 겜도 못하게 정지를시킨건지 답답해서 뒈져버리겠군요 아이디가 영어라는 이유로 작업장캐릭과 싸잡아서 정지먹인건아닌지 심히 궁금하네요 치밀어오르는 화를 당췌 감당할수...,1,0,2020-4-25
생산 능력치 올려주길래 현질러들 따라 잡아볼라고 미친척 해보고 계속 해봤는데 ㄹㅇ 개헬입니다 난이도 조정 심각하게 필요합니다 사냥만 하라고 하는것도 아니고 진지하게 생산 난이도 조절 필요할거 같습니3ㅏ,1,0,2020-5-14
탈것과 소환수를 그렇게 뽑기를 시도했는데 어떻게 희귀를 뽑을수가없네 해도해도 게 임너무하네... 갈수록 실망하는게임..,1,3,2020-4-28
운영정책 위반으로 계정이 정지 됐다는데 왜 그런건가요 배터리 충전중에 이게 떳는데요~~,4,0,2020-4-17
"재미는있는데.중반부터 무과금 유저는 랩업하기 힘들고,장비 맞추기 힘들어요.",5,0,2020-3-31
몹은 검나 몰려오는데 기본공격이나 스킬이 한놈 죽을때까지 한놈만 패노 한놈만 패다 죽는다는거 다수공격 달랑한개 전체 공격스킬이 없고 답답해서 접속안하게 됨,2,1,2020-4-1
무과금으로 재미나게 잘하고 있는데 화면이 갑자기 좌우로 안움직여요 위아래로는 움직이는데.ㅠㅠ 그래서 겜할맛안나서 지웠습니다,4,2,2020-4-21
일단 최적화가 잘되있네요 다른기기는 어떤지 모르지만 화면 꽉차게 몰입감도좋고 액션 좋고~!,4,4,2020-4-16
미래를위한계획 퀘스트때 자꾸 접속이끊어집니다 ㅡㅡ 계속 그러니 짜증이나네요 머때문에 접속이끊어지나요 답변좀,4,2,2020-4-20
2시43분58초 경에 55000원 이블린패키지 구매했지만 패키지는 들어오지않고 돈만 빠져나갔습니다. 확인후 조치부탁드립니다.,3,0,2020-5-9
게임 설치 후 최초 업데이트 하고있는데 정의되지 않은 오류라고 자꾸 업데이트가 안되는데 뭔가여? 정의좀 해놔주세요,4,1,2020-4-16
입고있던 방어구가 사라졌어요~액슬러로 하고있는데 사냥중에 사망했더니 입고있던 방어구가 사라졌어요~빠른답변부탁드립니다,1,0,2020-4-25
"그래픽 고사양, 뽑기 거지같은거 빼고는 재밌음",4,0,2020-6-17
최근업데이트 이후 게임접속하면 팅김 다시깔고지워도 팅김 핸드폰 메모리정리해도 팅김 현질한돈이아깝다 A3로 넘어갈란다.,1,2,2020-4-10
갤럭시탭s6 lite lte 실행이 안되는데 할수있는 방법이 없을까요? (패치중에는 알어없는 오류로 몇번 튕겼습니다),2,1,2020-5-10
"아니 기본유저들접속하는데 아무리자동사냥한다지만 작업장하는사람들은 처내셔야하는거 아닙니까? 대기시간 장난아니네요ㅡㅡ관리좀해주이소 넥슨님들아 맨날헛소리하면서 그놈에최선은 그만이야기하시고요,",1,0,2020-5-18
다운로드해서 캐릭터 결정하고 닉네임 쓰면 중복되는 아이디라고 떠서 다른 이름을 써도 계속 중복아이디라고만 뜨고 안되네요 ㅡㅠ,1,2,2020-4-17
몇일째 스팸까지 확인하였습니다 오류가 생긴거 같네요 어디서 오류생겼는지 알수가없네요....,4,2,2020-4-16
재밌습니다 컨텐츠도 많고 시간보내기 좋은 게임입니다 아주 많은 시간을 보내야하긴 합니다만,5,3,2020-4-14
업데이트 후 게임 서버접속 화면이 뜨기전에 꺼짐 폰 기종 s10e 오류 해경 부탁,1,3,2020-5-26
적절한 득템 기회와 접속의 안정성이 좋습니다,4,2,2020-5-26
막기나 회피가 없는 양산형 자동게임.,1,0,2020-5-29
재밌습니다 플레이포인트상점에 v4 아이템도 살수있도록 추가해주시면 더 좋을거같네요!,5,5,2020-4-6
갤럭시 s20 울트라는 첫 화면에서 계속 팅겨서 접속이 안됩니다ㅠㅠ 조치바래요 ㅠㅠ,1,0,2020-4-23
그래픽좋고 여캐릭디테일 다좋으나 장비드랍률이 현저히떨어져 아쉽습니다ㅠ,2,1,2020-5-26
과금을 안하면 많이 떨어짐 장비가 딸리게 되고...그러다보니 점점 흥미가 떨어짐,3,15,2020-5-26
이 게임 계속 업데이트 하고 있는 중인데 다른 게임 히트 와 비슷한 것 같아요!!!!!!!!!!!,2,0,2020-5-28
이른아침 v4에서 638만원이 결제가 됐네요 깐적도없고 이런겜 알지도 못하고 고객센터는 전화도 안되고 메일도 제대로 된 답변이 안오네요 그냥 자동 답장만오네요 관리가 이러면... 빠른 답변바랍니다,1,0,2020-5-14
재미있게 잘하고있는데...루나트라를 무법지대 없애주면안됩니까? Pvp하고싶은 사람만 하게 따로 채널을 만들어주세요 자동사냥 돌리면 맨날 pvp당해서 죽어있고 스트레스받아서 못해먹겠네요 pvp채널 따로 만들고 나머지는 좀...무법지대 없애주세요 투력낮은 사람은 맨날 빡쳐있고..조만간 접게 생겼네요 아니면 투력제한 채널을 만들어도 괜찮을거같기도하고 답글은 기대잘 안해요 리류보면 내용은 다 틀려도 답글은 똑같으니...그냥 하소연하는겁니다 성의있는 답변 주시면 감사요 아니면 1:1 문의를 해야하나 그냥 접으라는 생각밖에 안듬요,4,0,2020-5-2
현질유도가 너무심한듯하네요..일반유저들 즐길수있는 콘텐츠유도가 필요한듯 하네요^^,4,1,2020-4-29
이거휴대폰게임버튼조작 키 참답답한게임이다 큰물약이 물약통 누르는거 힘든다 닉네임 변경좀 해주세요. 답답하다 너무한거아니세요? 지친다지쳐 별한개다 이러다,2,0,2020-6-2
테블릿pc 에선 화면이 안뜨네요? 어떤 모델에선 나오고 비교적 화면 안뜨는 모델이 많네요 유독 이게임만 그래요,1,0,2020-4-13
갓게임인데 오늘업데이트 이후갤s8접속이 안됩니다.... 로딩중에 그냥 팅겨버리네요,5,7,2020-5-26
무과금 안됨니다 현질안하면 진행 불가 pvp불가 네임드 사냥 힘듬 젠시간 언제인지도 모르겠다 템 강화 힘듬,1,2,2020-6-16
설치가 안됨 오류인가요? 열기하면 화면이 어두워지면서 작동을 안함,1,0,2020-4-13
자동 돌리면 너무 자주팅김. . ㅜㅜ,3,0,2020-5-29
기본 베이스는 잘 만들어두고 메인인력 다른곳으로 돌렸는지 운영이 바보같음.,4,0,2020-3-31
무과금이나 소과금으로도 충분히 즐길수있음 여태까지 이것저것 많이 해봤지만 참 잘만든게임임,5,3,2020-3-31
업데이트후 정의할수없는오류로 게임이안됩니다 밑에해결책보구 x지우고 다시깔아도 계속뜨네요,2,0,2020-4-28
설치시 정의되지 않은 오류 뜨면서 설치가 안되네요 빠른 해결책좀 주세요,1,0,2020-4-6
재밌게하고있었는데 오늘 업데이트하려고 하니까 정의되지 않은 오류가 뜨네요ㅠㅠ 왜이러나요,3,0,2020-3-31
별다른 재미라고는 느끼기 힘들고 네임드 레이드 이동시 이동시간도 너무 길어서 지침,1,0,2020-5-7
여지것.이런.겜은.없었다.다연.최고이다.앞으로.나올.겜은.v4를.능가할수없을것이다.아처케릭은.정말.잘.그렸다.센스만점.다양한컨튜럴.아주~굿이다.,5,3,2020-4-1
게임진행안됨 멈추는 현상이 너무 많아 게임진행자체가 안됨!! 어쩌라고??? 삭제???,1,0,2020-5-20
업데이트만 주구장창하고 이틀넘게 게임 실행이 안되어 시작도 못해보고 지웁니다 빠잉,1,0,2020-4-1
채팅창에 패드립해도 신고도 못하는 시스템. Good,1,0,2020-4-26
요새 4일간 계속접속이 돼도 팅겨서 겜을 할 수가 없네요 ...뭐가 문제인건지 ㅠㅠㅠ,1,0,2020-4-12
영상이 좋고 스토리 전개가 마치 영화를 보는갓 처럼 짜임새가 있네요 많은 사랑을 받을듯 합니다,5,3,2020-4-15
마석패키지 영웅마석획득확률20프로 이름만 바꾸고 왜 말이 없음? 카페 글삭제에다가 정지까지 찔리는게 있는거임?,1,0,2020-4-3
시작할때 소림축구같은 음악소리나는거 빼고는 재밌네요,5,1,2020-4-8
다운로드 받는데 계속 정의되지않은 오류가 뜹니다 수정 부탁드려요,1,0,2020-4-12
"무과금으로도 즐길수있고, 구성도 훌륭함!",5,2,2020-3-31
폰 업데이트 후 게임이 멈춰요. 폰 초기화 해도 똑같아요.,4,1,2020-5-25
많은 게임을 접해보진 못했지만 V4 만큼 편하게 모든것을 할수 있어 너무 좋아요. 강추 합니다,5,2,2020-3-31
소과금으로도 재밌게 이용가능해요 근데 캐릭터간 발란스가 너무 안맞네요,4,0,2020-3-31
인터넷 멀쩡한데 이 앱만 계속 끊깁니다,2,0,2020-6-11
"게임은 재밋지만, 점검을 너무 자주하심...",3,1,2020-4-14
리니지2m과금유도가 짜증나서 한번 해봤는데 70랩까지 키우는동안 들어간 배터리가 아깝다,1,0,2020-4-14
5월26일 업뎃하고 게임이 진행이 안됨...지웠다 다시 깔기를 4번째...게임이 안됨...기종은 갤S8+,2,0,2020-5-26
게임은 잘만들었어요 .. 업뎃히후 팅김이 너무많아요 오늘 아침 1분에4번 팅겨서 짜증나서 않함,3,0,2020-4-1
오류가 자주뜨내요 문제점이 너무많습니다.,1,1,2020-4-14
V4 설치중에 정의되지 않는 오류가 뜨는데 해결방법 알려주세요,3,0,2020-5-2
5월 19일 새벽1시경에 총3번으로 33만원 제가 결제한것도 아닌데 결제되었습니다. 환불해주세요,1,0,2020-5-23
넥슨 쯤 되면 뛰는 모션 정도는 잘 만들 수 있잖아요ㅠㅠ,3,0,2020-4-15
해킹 당해서 22만원이 결재됐습니다 결제 취소해주셨으면 합니다 힘들게 돈 벌었는데 허무하게 돈이 나가니 너무 억울합니다.. 환불 꼭 해주셨으면 합니다 레드잼4000개 결제가 2번 되어있습니다 꼭 환불해주시길 바랍니다ㅠㅠ,3,0,2020-4-19
어제밤부터지금 까지 들어가면 아무것도 안움직여요 서버는 아스카탄3섭입니다 꼭 빨리 고쳐주세요,1,0,2020-4-28
누군가 제 계정으로들어와서 결제를하여 환불건의를 드렸는데 2주동안 이메일답장이나 조치가 안되었습니다. 리뷰라도 보셨으면 확인해주셨으면 감사하겠습니다.,1,0,2020-5-6
아이템거래가능으로해줫으면 좋겟어요..서로주고살수있게 ..,3,0,2020-3-31
신규 이벤트 사전등록 신청했는데 문자가 안옵니다 어디로 확인을 해야 하는지요..,5,0,2020-4-15
같은파티 같은퀘스트하는데 상당히 거리두고사냥하는데 좀 이상한듯 합니다,2,1,2020-4-14
"처음 해보려는 분들에게 말하자면, 서버선택이 게임을 오래하냐 못하냐로 갈려요. pvp서버는 가지 않는걸 추천하고 카페에서 서버별 분위기 잘 읽어보고 선택하세요. 이 게임엔 '통제'가 존재합니다. 마치 하나의 컨텐츠 처럼요. 무,소과금 또는 중과금하면서 간간히 하는 게임? 그런 게임 아닙니다. 일부 pvp서버는 유저간 격차를 줄여주는 파밍컨텐츠가 고투력 유저들에 의해 통제되고 있고 이런 서버들은 한쪽으로 치우치게 되어 핵과금이 아닌 이상 키우거나 버티기 굉장히 힘들어집니다. 아이템 거래에 사용되는 젬 이라는 주화는 과금이 아니라면 파...",3,0,2020-6-7
재미있고 운영도 유저 목소리를 잘들어주네요 갓겜,5,2,2020-5-2
접속시 멈춤현상 빨리조치하라고~~~~~~~,1,2,2020-5-27
캐릭생성제한 기다리다 기다리다 식제한다 퉤,1,0,2020-5-29
캐릭터 이름도 입력이 안되는 겜을 만들다니.,1,0,2020-4-9
사전예약 쿠폰 왜 안주나요. 사전예약 햇는데....,1,0,2020-4-14
이번에 사전예약 보상이 왜 전 안들어 오져ᆢ? 문자가 안왔습니다ᆢ,4,0,2020-4-15
그만할랍니다... 노가다를해도 보람도없고 재미도없고.. 얻는것도없고... 서버줄이면서 설정해논것도 다지워지고...,1,0,2020-4-14
모바일게임을 핸드폰에서 팅겨서 게임 못할정도로 만들면 어쩌자는건가요?ㅋㅋ피시게임이나 처만드시지,1,1,2020-5-27
업데이트 패치 후 겜접속 후 다운받았는데 접속화면에서 계속팅겨여,1,1,2020-4-28
이 게임 하는 어떤 놈이 내 계정을 해킹해서 22만원 결제했다!! 이런 사례가 많던데 심지어는 몇백이 결제된 사람도 있어요.. 넥슨은 해결 안하고 뭐하는겁니까??? 국민청원이라도 할까 생각 중입니다.,1,0,2020-5-12
국내 게임중 그래픽 타격감 할것도 많고 최고임.,5,2,2020-5-26
카트니의일일소환2가결제가 되었는데 아템이안들어옴,2,0,2020-6-17
업데이트가 어째 -%로 가다 오류나네,1,0,2020-5-31
역시 대작답게 그래픽도 좋고 스토리도 좋네요,5,1,2020-4-3
게임이 왜 이렇게 끊키는 현상이 있네요 개선이 필요합니다,1,0,2020-4-12
초보지원성장패키지구매했는데 돈은빠져나가고 안들어오네요ㅡㅡ,5,0,2020-5-12
서버이전이 왜 안나오는 건가요? Pvp게임에 이전이 아직 없다니요,1,1,2020-6-16
빌드보스만 나오면 팅기는데 언제쯤이면 모바일은 안팅기게 할수있습니까? 패치를 길게 해도 팅기네,1,0,2020-4-9
"템 시세 잡지 못하면 .... 과거, 현재, 미래 유저는 힘들듯. 초반 희귀템 시세가 지금 지,판,슈 템하고 가격이 비슷하게 된게 말이 안됨? 5개월도 안되었는데... 템을 맞추면 1년후에 접속해도 그 시세가 유지 되어야 과금하는 사람들이든 안하는 사람들이든 게임을 하죠! 어렵게 템 맞춰서 시세 폭락 하면 그게 말이 안되죠. 정말 오래 보고 있다면... 지금 템 시세가 1년후에도 같아야 됨! 12강을 만들어 놓고 12강이 되기도 전에 다른템이 계속 나오는것은 의미 없음. 그리고 네임드가 많은것은 ... 잠시 할때는 재미 있지만.. ...",3,0,2020-4-9
게임이 실행 되야 리뷰를하지....여정 준비중이란 말만 나오고 실행이 안됨....,1,0,2020-4-12
정의되지 않은 오류가 계속 떠서 게임을 못하내요,2,0,2020-4-26
다르칸 서버 오늘 서버 점검이후 로그인 후 화면이 멈춰있어요 ㅠ,1,1,2020-5-27
게임이깔리지가않네요 몇초단위로끊기고,2,0,2020-4-15
신규서버언제 나오는데 광고만 나오고 서버는 없고 장난해 매일?,5,0,2020-4-10
리니지m하다가 과금에 질려서 넘어 왔는데 소과금으로도 재미있게 즐길 수 있어서 좋네요^^,5,1,2020-4-14
해비과금해야 즐길수있는게임입니다. 시작할때 각오하세요!,3,3,2020-4-23
요즘에 자꾸 게임이 멈춰지는 경우가 많아지는데 왜그런거죠,4,1,2020-5-17
갑자기 계정이 정지한 이유가 먼가요? 확인해 주세요!,1,1,2020-4-27
좀 잘해줘요 리니지2m처럼 유저들 무시하지말고 착한 갓게임이 되길 바랍니다 유저들은 개돼지가 아닙니다 경제도 않좋은판에 과금요소는 줄이고 공정한게임이 된다면 갓게임이 될겁니다.,5,0,2020-4-28
무과금으로 열시미게임중..아이템드랍율좀높여주세요,5,0,2020-5-28
아니 상식적으로 돈 버는 입장에서 뭐 아이템 뽑는 확률 낮춘다쳐도 이건 무슨 헛짓거리 다하면서 전설 영혼석 뽑을라고 영웅을 5번이나 도전했는데 안되는거면 왜 만들어놓는거야 저따위기능을 그리고 좋은 아이템 뽑을 확률 뒤져도안나와 ㅋㅋㅋㅋㅋ진짜 망한게임 토나온다ㄹㅇ,1,0,2020-4-14
재미있네요 근데 캐릭터는 1레벨부터 삭제 가능한게 해주세요,5,0,2020-5-26
게임은 재미있는데 왜 설치는되는데 게임실행이안되는건가요?ㅠㅠ,5,0,2020-4-28
게임 삭제한지 2달이 되어가는데 갑자기 33000원이 결제가 되었다네요 어디서 결제 났냐고 물어보니까 v4라는데 지금 이게 무슨일인지 전혀 알 방법이 없네요 환불 요청합니다.,1,0,2020-5-8
다 괜찮은데 스킬에 복수타격이 없어서 조금 답답하네요,4,0,2020-4-5
캐릭이만들고 접속하는데 렉이걸리면서 튕겨요,1,0,2020-4-12
"소통과 주 패치는 좋은데. 서버안정화시급. 템 보급 및 강화율 상향시급. 유저 다 떠나는 마당에 각 서버당 100명씩만 모아두고 운영계획이신가요? 사막에서 보이던 작업장케릭 1000여명으로 운영할 계획이신가요? 전설석패키지 ? 반지패키지? 탈것. 소환수등 오만 좌절로 넘어갈 수 있는 계기가 만들어져야 키우는 재미가 있겠죠? 그렇지않아도 각 서버당 통제? 하는 마당에~ 월드전이라ㅋㅋ 60만이상 투력자들의 세상, 500만이상 현질러들의 서버로 만드는 노고에 박수를~~~~",1,60,2020-3-24
게임은 할만한데 쫌 하자니 역시 몇번의 현질은 불가피 한건가요. 창고확장은 그렇다쳐도 무게는 어느정도 까지는 풀어주시던 무료 이벤트 아이템을 투척해주시던 몇개 들어가지도 않았는데 가방이 무겁다하니 ㅜㅜ 잼을 사서 늘려야되는건가요. 초반부터.....,3,60,2020-3-24
노다가게임 재미도없고 렉심하고 혼잡이고 운영자제개판입니다 서버채널 많이해넣던가 계속튕기니 무슨게임을하겠습니까?,1,0,2020-5-29
리뷰 잼있게 하고있다구 수정했더니 지워 놓으셨네용 ^^,3,0,2020-3-31
통제 때문에 게임 즐기기가 실제로는 어렵다,1,1,2020-5-26
두달정도 해본 결과 소액과금 유저로서 성장 한계를 느낍니다. (두달동안 10만원 투자) 그리고 PVP는 전용맵을 따로 만드는게 어떠실지... 루나트라 들어가서 자동사냥 돌리고 신경 안쓰고 있으면 킬 당해있는데 은근 짜증납니다. PVP에 대응할 시간없이 당하는건 너무 억울하죠~,4,45,2020-3-24
"겜 시작화면 보지도못함,,,,,,,무한팅",1,0,2020-4-14
이겜을대해 아직 적응중이라 다른건 모르겠고. 현 컨트롤이나. 그래픽은 나름 괜찮은것 같습니다. 단 접속시 서버혼잡으로 인한 대기시간이 넘 오래 걸리는것 같습니다. V4 유저분들을 위해 잼있게 즐길수 있도록 관심을 가져 주셨씀 합니다.,4,60,2020-3-24
V4 패치 오류 때문에 접속이 않되네요 ㅡㅡ,1,0,2020-5-2
일단..무과금도 즐겁게 할수있다는듯이 말하는거 같으나..아니 오히려 진짜 컨텐츠들은 고투력되지 않는이상 즐기는게 거의 힘들고 무과금이 상위템노리는것? 운없으면 한참걸린다..필드보스도 저투력 보스들은 즐기지도 못하고 순삭당하고 그렇다고 고투력가기에는 죽어버린다 피빕밸런스도 심각하다..,4,34,2020-3-24
좋아요 근데 캐릭삭제1렙 부터로좀 바꿔주세요ㅠㅜㅜ 잘못만든거삭제 하고싶은데ㅠ,5,1,2020-4-16
다시는 안한다 처음에 잘했지 운영미숙으로얼마 못가고 유저 다떠날걸,2,0,2020-6-11
컨텐츠들 또한 너무 단순 그 자체 그저 전투력만 바라보고 하는 게임 양산형 그 자체. 확률 어마무시합니다. 무과금도 가능하긴 하지만 모든지역이 무법지대라서 자동사냥 돌리다보면 누군가 죽여놓음. 죽이는 이유는 본인들 점수 올리려는 수작.,1,13,2020-5-13
무과금도 열심히만 하면 어느정도까지 즐길수는 있어 좋네요,4,1,2020-3-31
업데이트하고나서 계속튕기네요 접속을 못하고있습니다,1,0,2020-4-1
업데이트 이후 앱접속시 로딩중튕김,1,0,2020-4-17
환불해주세요 현질한아이디가 없어졌네요,5,0,2020-4-2
넥슨 게임은 손도 대지 않는다.. 조조전을 해본 바 넥슨은 유저들을 개 돼지로 본다,1,1,2020-4-9
재밋어요 모게임사처럼 과금유도가심하지않고 참신한듯해요,5,2,2020-4-14
저 게임을 끄고나서도 화면에 ui가 떠있는 경우는 어떤경우죠?,4,0,2020-4-15
이게임을 어느정도 많이 해봤습니다 게임도 좋고 그래픽도좋고 다 좋은데 지금 번호를 바꿔서 계정 연동이 안돼용.. 그래서 본계정에서 다른계정으로 연동시키려는데 그런기능은 없네요.. 어떻해 해줄수 없나용??,5,8,2020-6-9
화질도 너무 좋고 컨테츠도 많아 너무 재미있어요,5,0,2020-4-5
케릭터간 거래기능은 안생기나요,5,0,2020-4-14
재미는 있는데 너무 튕기네요 짜증나게 어떻게 좀 해 주죠,3,0,2020-4-15
멈춤현상 안잡아주나요 1대1문의한지가 언10년이다되가는것 같네요 도대체 언제 해결되나요ㅡㅡ 그냥 접으면 됩니까??,1,0,2020-5-29
강화확률이랑 아이템 드랍확률 올려주세요~~ 해도해도 넘한게 아네요~? 걍 접으라고 이러는건진 몰겠지만 얼마정도 과금들여야 편하게 겜할수있는지 알려주셈.,1,2,2020-6-16
"오픈때부터 지금까지 제미있게 즐기고있긴한데 전투력의벽이 너무높아요 매번 패치때 고투력유저 위주로 패치되는것같기도하고 이밴트도 좋은데 전투력이 낮으면 이밴트한다고 그동안모은 골드등 탕진만하고 허무하게 이밴트 끝나고... 과금 어느정도는 하지만 수집이밴트, 보상이밴트 빼고는 과금에따른 확율이밴트가 많아서 마음먹고 소액이라도 과금해서 전투력 올려보려다 괸한짖한것갇다는 생각이 매번드네요.",3,4,2020-3-31
신섭 캐릭 만들고 이벤트수령하려고 클릭하니 자꾸 게임이 팅겨요,3,0,2020-4-15
갑자기 이유없이 계정이 정지당했습니다...,1,0,2020-6-12
2달하고 느낀점 게임 진리 무과금 인생을 갈아넣어도 과금 못 쫓아감 소소하게 즐기셈. 근데 업뎃과 점검이 뒷통수라 아쉬움. 노력? 발전? 그냥 다른겜과 다른게 없습니다라고 솔까 인정하삼. 재미는 있음.,4,2,2020-3-24
...문의메일넣었지만답이없어서슬프네요ㅜㅜ,5,0,2020-3-31
대규모 업데이트 할때마다 새로 깔아야해서 매우 불편합니다,2,0,2020-5-20
컴퓨터로 돌려 놓고 다음 날 모바일로 접속하니 반지가 사라져있네요 뭔상황인지나참,1,0,2020-5-27
사행성게임 2달동안 30만원 질렀는데 무과금보다 약함ㅋㅋㅋ 현타와서 접음,1,0,2020-5-6
뭔가 복잡하고 어수선한 느낌! 하지만 몰입도있고 그래픽도 좋고 전반적으로 좋네요 귀속템 무게를 줄여주던지 창고보관이 되게 하던지 부탁드립니다 무게때문에 힘드네요,3,2,2020-3-24
갤럭시7인데 로딩들어가자말자팅깁니다,1,1,2020-5-26
"게임 이용하는데 많이 불편합니다. 60 중반렙을 하고있는 유저인데 아직게임에 대해 불편하고 모르는것이 많아요 이렇게 운영 진행한다는건 하나하나 찾아가며 궁금증 해소해야된다는것인데 그것도 바로바로 해소가 안됩니다. 아이템 판매하나하나 따로 해야되고 이동할때는 중간지점없어서 지역저장하지않으면 뛰어다녀야되고 아이템 획득하는것은 매번 같은것이고, 축복의 물약이라는 아이템은 시간제인데 시간 확인은 어디서 하는지 표시도 안되고 그밖에 미비한것들이 너무 많아요",1,6,2020-3-16
"게임자체는 훌륭하다. 이번 반지업데이트로 인해 기존 유저의 반이 떠났다. 자주 팅김현상과 수시로 점검현상, 오히려 업데이트전이 훨씬 나을뻔했다.소통의장은 없어져버렸고, 게임의 흥미가 떨어져만가고, 매번 똑같은 시스템. 이벤트도 없고 단조로우며, 경매장시스템자체도 너무 엉망이다, 템이 팔리지가않아 무과금으로는 할수가 없어져버린게임이 되버렸다. 이게 가장큰 문제가 되버렸다. 상위템이 너무풀리다보니 기존의 국민 영웅 브렐란시세가 폭락하고, 그 이하는 아예 팔리지가 않아버렸다. 너무 급하게 내논듯하다. 급한만큼 조금 시간을 두어서 차근차근...",2,242,2020-3-22
게임이 자꾸 접속도 안되고 팅기네요,1,0,2020-4-18
왜 자꾸 뚝뚝 끊기죠? 삭제했다가 다시 설치해도 계속 그러네요,1,1,2020-6-18
계속하고있다는거면 중독성은 있다는거죠 하지만 한번 그만두면 다시는하고싶지 않을게임이기도합니다. 게임의피로도가 심하고 직딩들은 퇴근후 토벌 필보 이런숙제들로 하루가 너무 짧아집니다. 현실에 큰지장을주며 계정을정리하고 떠나죠 또한 레벨순위 투력순위로 나뉘어지는데 모바일게임이 2번째이여서 제가모를수도있는데 레벨비중없는게임이라 조금당황스러운게임이기도해요. 파티경험치도 없고 무조건 개인적인 플레이. 그래서더 지치는거같아요. 앞으로 많은발전성과가 있으시길.,5,25,2020-1-30
"상당히 편한 인터페이스와 적절한 퀘스트, 과금을 딱히하지않고 라이트하게 즐길수도 있습니다. 현재까지는 대만족합니다. 다만 클래스간의 밸런스가 좀 맞지않는 느낌이 있고, 건슬링거 캐릭터가 너무작게 표현되서 캐릭터라기보다는 마치 펫과같은 느낌을 주니, 이 부분은 수정해주셨음 하는 바람이 있습니다.",4,15,2020-1-31
글 삭제한건가?? 머지?? 여튼 과금유도 오지는 게임입니다. 출시할때 무과금유저도 즐길수있다했는데 개소리고 필드 템드랍도 일반 몹에서는 나오지도 않습니다. 네임드나 못해도 정예는 잡아야하는데 그마저도 무과금으로는 사냥할수 없는 지역에서만 잘 주죠...또 겜에 필수인 공속 능력치를 탈것에 몰빵해놔서 현질안하고는 겜하기 힘든게 현실입니다. 그렇다고 합성확률이 좋냐?? 절대아닙니다. 그 어떤 게임보다 극악의 확률인듯합니다. 진짜 욕나올 정도로 말이죠. 그리고 패키지는 얼마나 자주 출시하는지 돈빨아먹겠다는게 너무 노골적이라 할말이 없더군요...,1,108,2020-3-18
"게임성과 그래픽은 좋은데 캐릭터 삭제를 50레벨이후 가능하다는 것이 별로입니다 캐릭터의 삭제, 생성은 유저의 선택이지 않나요?",4,4,2020-3-24
소모품 거래 안되는게 아쉽내요,4,1,2020-3-31
옷 좀 잘보이게해주세요!!!,3,0,2020-6-15
일방적인 공격을 당하여 사망하는것을 개선할수없는지?,3,0,2020-6-16
"일단 적당한 노가다 쏠쏠한재미 하지만!!!!! 강해지고 싶어가 아니고 평범하게 어울리고 싶어. 소망하면 돈 써야댐 저투렙 길드 무덤임 대화가 없음 혼자 존버해야댐 .... 지겨워짐 . . . 월창에 뭘 물어바도 뭔소린지 모름 왜냐구? 난 초보니까 . . , 카페디짐 ... 알고 싶은건 ㅍ별로 없음 구냥 일단 버팀 . . . 하루이틀 이주가 지나고 케릭만 자꾸 키움 . 왜냐구? 퀘를 못깨니까 도는대만 도니까 그러다 현질 함 좀 활성된길드 들어감 현질한 나 뵹 신질 한거 알고 헛웃음 ㅋㅋㅋㅋㅋ 결론은 마음에 안들면 안함댐 알려주는 지인...",3,19,2020-2-11
패치안되서 삭제하고 다시 설치하려고하니 재설치도 안되고...머하나요?,1,0,2020-5-28
무과금도 즐길수 있는게임 하지만 핵과금은 그렇게 즐겁지는 않다,3,0,2020-5-26
누가봐도 넥슨게임처럼 만들었네요. 딱 저렙까지만 키우기 쉽게하고 중렙부터는 바로 현질 안하면 시도조차 못하게 만들었네요. 장비는 20렙때 한번 주고 안줍니다 ㅋㅋㅋ 1렙부터 70렙 사냥터까지 주는 아이템이 동일합니다. 제일 확률낮고 좋은 아이템이 20렙때 주는 장비템이에요. ㅋㅋㅋ 아이템도 대충 만든게 종류가 진짜 별로 없고요. 그나마 있는것들은 완전히 똑같은 아이템을 신뢰의 xx 결속의 xx 영웅의 xx 이름만 바꿔놓고 재탕한것 뿐입니다. 이것도 대놓고 현질유도하는게 위에서 말한 재탕템 바로위가 제일 위인 영웅 전설단계인데 현질없...,1,106,2020-1-30
게임 자체는 이런저런게임 좋은 시스템 잘 가져다 놓은것 같습니다. 다만 아쉬운점은 리니지2m 대비 그래픽과 인터페이스가 다소 촌스럽다는 느낌이 강하게 듭니다. 리니지 2M이 세련된 느낌이라면 V4는 뭔가 중국산 같은 좀 촌스런 느낌 입니다. 물론 중국산 게임보다는 낫습니다. 과금 유도는 지금처럼 적정선 지키시고 좀더유저들 합동컨텐츠만 잘 개발될다면 V4투 나오면 대박 칠거 같네요. 리니지2m보다는 월드오브워크래프트와 비슷한 게임이 되었으면합니다.,3,30,2020-1-22
"온갖 rpg시스템을 허접하게 베껴놓은 하류작. 접속은 평일에도 500명이상 약, 1시간이상 대기를해야들어갈수있으며 간단한 카톡을위해 게임을 나가도 튕기고 재접속시 다시 500명을 기다려야하는 인기는 없지만 있는척 보여주기식 아류작. 이틀하고삭제함. 과금유도가 매우심각하다.",1,166,2020-2-17
"'모바일'게임중에선 훌륭하다고 생각합니다. 운영그지같은겜도 많은데 유저들 불편사항 건의사항도 빨리빨리 반영해서 개선하는 편이며, 업뎃이나 점검후 밥먹듯 연장하기마련인데 오픈시간도 대부분 잘지키구요. 낮은확률이지만 필드에서도 영웅템이 드랍되고, 길드주화가 중요한 역할을 하구요. 핵과금유저들때문에 조바심만 내지않는다면 괜찮은 게임입니다. 추천.",4,217,2020-2-11
레업이 빠르고 정확하게 재밌네요,5,1,2020-4-9
업데이트가 안되는대이거요 이틀동안이나 안되니 나원참,1,0,2020-4-15
그래픽 최고 자연에 섬세함을 아주 잘 표현했고 아름다운 꽃잎과 나뭇잎이 바람에 의해 날리고 자연의 풍경은 게임의 맛을 더해주며 디테일하고 예쁜 캐릭 또한 최고입니다. 우리나라 그래픽 수준은 세계최고인듯 합니다. 스토리 재밌고 캐릭 귀엽고 성우 목소리 적절하고 그 목소리에 맞춰 캐릭 들에 표정과 표현 연기또한 최고 입니다 잘 만들었어요. 화면 깔끔하고 검은사막 보는듯한 느낌. 단 몬스터들이 너무 징그럽 습니다. 암튼 개발자님들 겜 만드느라 정말 수고하셨습니다. 게인적으로 잘 됐음하고 직장인들도 무과금으로도 충분히 즐길수 있는 게임 이...,5,155,2020-2-27
다 좋은데 채집 및 제작 스킬 올리기가 너무 오래 걸리네요. 4시간 채집 오토 돌리고 제작 했는데 결과는 제작 경험치 1 올랐습니다. 초심자 장비에서 다음 등급 만들려면 하루 종일 오토 돌려야 합니다. 몇일을 사냥안하고 생산만 해야 파란색 제작이 가능할듯 하네요. 이건 개선이 필요합니다.,4,105,2020-3-11
핸드폰으로 성물이나 필보 할때 너무 팅겨요,3,0,2020-4-28
오랜만에하려구들어갓는데 업데이트가떠서시작을하면 업데이트가순조롭게되다가 다시 마이너스가되고...계속업데이트를시키려구해도계속이것만반복적이게하네요...업데이트가순조롭게되다가 또다시 마이너스숫자로변해서다운조차할수가없습니다.. 지우고다시깔아도반복적이네요..,1,9,2020-2-12
정말지금까지했던게임중에그래픽도제일뛰어나고제일PC게임같아요.재밌게플레이하고있습니다. 근데제가네이버아이디로로그인을해서플레이하고있는데제가지금네이버에로그인을한상태로게임을하는데 만약네이버에서네이버아이디를로그아웃하면 게임에 문제가생길까요?로그아웃을한채로 게임을하면 게임아이디가 삭제되진않겠죠?그리고만약네이버에서로그아웃을하면게임에들어가면 네이버아이디로연결되어있다고뜨는데 로그아웃을하고플레이하고 다시로그인을한다고 로그아웃했을때했던게임기록이 사라지고 전에로그인했을때와다시이어지나요?,5,23,2020-2-16
"게임은 재밌습니다. 재밌는데, 문제는 신섭같은 경우 대기자 순때문에 접속하는데 너무 오래걸립니다. 잠깐 켜놨다가 카톡이라도 와서 하면 세션만료되서 팅기는데, 그러면 또 다시 대기해야 됩니다. 접속좀 빨리좀 되게 해주세요. 대기 때문에 70까지 키웠다 접을 판이네요",3,69,2020-3-8
게임은 훌륭한 게임 입니다 다만... 플레이 부분에서 둔탁한 면이 있고 답답하다 해야할까요? 뭔가 2%부족한 느낌이며 클라이언트가 너무 무겁게 느껴지는군요 이벤트 보상은 나쁜 편은 아닌데 조금 더 신중하게 생각했으면 합니다. 화려함과 거침없는 모션도 좋지만 유저가 정말로 원하는게 무엇인지 다시 한번 생각해보시길 바라며 서버 증축좀 하세요 대기시간이 하루의 반을 잡아먹습니다,3,51,2020-3-17
전반적으로 재밌고 좋은데 스킬 set2번 창은 자동으로 사용이 안되네요 스킬set을 바꾸면 안쓴 스킬도 쿨타임이 다시 돌고 그리고 가장 중요한게 사냥하다가 전화오거나 업무때문에 게임을 종료하고 나서 나중에 다시 들어가면 죽어있더라구요 다른 모바일RPG는 그 상황으로 다시 돌아가던데 이부분 꼭 수정 바랍니다..,4,13,2020-2-6
아니 대기자가 1천이 넘으면 게임을 어케 하라는건지?? 계속 풀접이 가능한것도 아니고 처음에 한번 들어가서 결제해서 아이템 쓰고나서부터 접속이 안돼면 돈만 날리라는 건가요? 이런건 환불 해줘야지요 모바일이 왜 모바일인데 하고싶을때 언제 어디서든 할수있게 하려고 나온게 모바일인데 아 먹튀 혈압오르네 서버 인원을 더 늘리던가..아..짜증,1,48,2020-2-12
계정이 삭제됬네요.. 밑에 내용들보니 한두분들이아닌데 너무 좀 그렇네요 현금사용한분들도 계신데..저도 결제한것도있는데 접속해보니 삭제되있어서 참 그렇네요.. 간편히 죄송하다는 말만하지마시고 원인 및 대책이있어야하는거아닌가요? 아님 말아라하는 마인드가아닌 적극적인 대응이 필요한것같네요.저만그런생각이드는지 의문입니다.,2,53,2020-2-11
"게임성은 괜찮은데, 유저들의 인성이 의심되는 게임. 필드에서 사냥하는 사람 PK로 죽여놓고, 님 작업장 아님? 이라고 하지 않나 어차피 작업장이면 필드나 돌리라고 욕설 박지 않나, 쿠폰 팔이나 해야 겠다며 뉴비를 배척하는 게임. 오늘 처음 시작하고 1시간 만에 게임 삭제합니다.유저들의 인성을 아주 잘 들어내는 게임이라 하기가 싫어져요. 역시 넥슨! 즐겁게 게임 하다 갑니다.",2,82,2020-2-24
몽환의틈 루나트라에서 갑자기 팅김현상 .. 젬만날라가고리얼화난다 하 최근업데이트내용들보면 그냥 돈만너무밝히는 겜이미지로전락되가는게보인다. 솔직히 더이상하는이유도모르겟고 지겨워서 접을생각임,2,3,2020-3-28
신섭 사전등록하고 아처캐릭 생성하려는데 생성제한. 이러면 사전등록한 의미 없응. 저는 무얼한걸까나요? 평소 게임캐릭중 아처계열을 좋아해서 이번 업뎃 기대중이엿는데 이래서는 재미있게 즐기기엔... 급 절망감으로 오네요. 게임하기싫어져버리네요,1,20,2020-2-13
아니 뭐 게임이 들어가 져야 설명을 하죠 서버를 추가적으로 더 만들어 놓던지... 30분넘게 기다려서 들어갔더니 캐릭터 생성까지 하고 되나보다 하고 스토리 스킵 했는데 또!!! 무한로딩 와이파이 빵빵데서 하고 있는데 하라는거에요 말라는거에요 대책좀 제발!! ㅡㅡ,1,9,2020-2-11
접속안된다 지우고 재설치중,1,1,2020-4-14
발열 관리도 제대로 안되는 노답 쓰레기게임,1,0,2020-5-10
사전 예약후 처음은 인원 폭발로 접속도 못하고 기다리면 중간에 팅겨지고 지금은 생성제한 걸어서 들어가지도못하고 사전예약하면 머합니까 쿠폰 쓰지도못하는데 이건좀너무한거아닌가요 이리피해본 사전예약자들 머라도더주던가해야할꺼같다고 봅니다 이미 생성재한때문에 이미접속해서 게임하는사람들이랑은 따라갈수도없을꺼같아요 사전 예약자중 아직 피해보는사람들 보상이라도해주세요,1,9,2020-2-13
1.원거리캐릭터가 왜 가까이 가서 싸우나요 원거리하긴하는데 원거리라고 볼수없습니다 원거리면 원거리에서 싸우게 하세요 2.캐릭터가움직인대로 자동으로되게 해주세요 수동으로하니까 불편합니다 3.넥슨은 현질유도 적당히 하시길바랍니다 금액도 너무 과하게 높고,3,9,2020-2-12
다 좋은데 패치할때마다 정확히 명시하여 사람들간 논란이 안생겼으면 좋겠습니다. 이번 편지에서 다음패치때 아이템수집은 계정내 모든 캐릭이 공유한다고 했는데 이부분은 같은 타르시같은 서버에서 수집해놓으면 이블린이나 카셀에서 캐릭터를 생성해도 적용이 된다는 뜻인가요?,4,12,2020-2-6
업데이트 오류? 접속이 안됩니다,1,0,2020-4-15
아니 과금 아이템 보관함에 있는 상태에서 다른캐릭으로 옮겨지지도 않고 구글내에서 환불 해달라해도 절대 안해주네요 이거 비록 3만3천원 패키지 지만 인벤토리에 옮긴 상태면 모르겠지만 보관함에 청약철회도 안하고 7일 지나지도 않았는데 환불이 안됀다는건 말이 안돼는거 같아서 여기에 글씁니다. 환불해주세요 아니면 환불 할 수 있는 이메일이나 좀 주십쇼 그럼 별5점 드리겠습니다,1,77,2020-2-5
저 해킹당했습니다 환불해주세요 저는 이 앱을 깐 적도 없고 아이폰 아이패드로 갈아탔기 때문에 공기계로 씁니다 리뷰는 앱을 깔아야 해서 들어가진 않고 깔았다가 지우려고 합니다. 3월 25일 33000원이 결제되었습니다. 이 미승인결제를 환불해주시길 바랍니다. 이미 신고도 해 놓았지만 더 빠른 방법이 있을까 하여 남깁니다. 제 돈 환불해주세요,1,3,2020-3-26
어디다 써야될지몰라 여기다 쓰는데 이벤트 참여해서 쿠폰을 쓰려고 하는데 이미사용됬다고 하면 참난감하네여.. 조치좀 부탁드립니다,1,0,2020-6-13
재미있게 잘하고있습니다. 근데. . 아이패드프로 에서는 돌아가는데 2019 갤럭시 탭 S6 LTE 는 최적화가 안된다며 설치가 안됩니다. 나름 삼성의 젤 최신 패드에 기기스펙(6G램)도 나쁘지않은데 왜 안돌아가나요...?,5,3,2020-2-28
"PvP 너무 짜증나서 못해먹겠음!!! 별1도 너무 아까움!!! -> PvP 를 원하는 유저도 있고 그렇지 않은 유저도 있습니다. 다만, 며칠째 계속 같은 길드에 같은 유저에게 거의 당하기만 하는데 솔직히 너무 짜증나요!! 무슨 의도적으로 지목당해서 당하는것도 아니고 게임을 즐기려고 하는거지 이렇게 특정 유저 또는 길드에게 당하면 솔직히 할맛이 안나요!! PvP 하려고 겜하는 유저는 아닙니다!!",1,5,2020-3-4
너무재미있어요 리니지할때처럼 강화질이재미나네요 ㅋㅋ,5,2,2020-4-14
욕심은 패망에 지름길..아이템 복구 해주면다시 돌아올게요..,3,0,2020-4-23
"방금 유튜브에서 V4광고보고왔음 광고에서 말한만큼의 절반만이라도 그래픽이 따라간다면, PC와 모바일에서 동시에 즐길 수 있다는게 사실이라면. 이 게임 진지하게해봄. 현재 다운받는중",4,46,2020-1-24
광고보고 신섭에서 시작하는 브이포 첫유저입니다.. 같은 아이템인 줄 알았는데 맹약 신뢰 이름이 다르면 능력치도 다르더라구요..그림이 다른것도 아니고 이펙트가 있는것도 아니라서 그냥 끼고있던걸 강화하고 좋은아이템을 넣었는데..이름에 따라 능력치가 다를 줄은 생각지도 못했어요...이런 점은 개선해주셨으면 합니다,4,6,2020-2-15
V4 나갔다 다시 들어가면 캐릭터 체력이 20%입니다 최적화도 그지같음..... V4 끓김없이 잘했는데 어느순간 끓이고 캐릭터 움직이면 팅기고 몬스터 전투도중에 팅기고 넥슨 국내게임회사최하위임 넥슨이 국내 1위게임회사인건 절대 인정못함 국내1위게임회사 넷마블이나 엔씨 소프트 중 하나임 넥슨 국내1위게임회사 최적화도 그지같이하고,1,25,2020-2-17
환불탭좀 잘보이게 해주세요 찾고 찾고 찾아서 해야하고 명확히 환불진행하는곳의 탭이 없습니다. 통합명칭은 너무 광범위합니다. 환불같은 민감한 부분은 명확해야 한다고 봅니다. 게임은 마음에 듭니다 재미있고 다만 퀘스트를 수락하고 클리어를 직접 탭하지않는 이상 진행이 되지않는다는 부분에서 좀금 귀찮지만 그래픽이나 여러부분에서 괜찮다고 봅니다.,2,15,2020-3-1
이 게임은 재밌든 안재밌든 접속 대기열이 엄청나게 길고 자주있는 일이지만 방금 또 다시 160명 에서 30명 될때까지 30분 넘게 기다렸는데 갑자기 튕김 현상이 일어남. 고로 다른 게임 널렸으니 이 겜 안하고 말지. 리니지 하러 가즈아~~!!,1,41,2020-3-9
V4오류로 메일드려서 답변 받았지만..저는 아직도 진행이 안되고 있습니다. 저는 메일드리고 접속한 기록이 없는데... 답글엔 다행히 접속한 기록이 있으시다고 하시니... v4 접속하면 잘 진행되다가 청소년~~ 요멘트 화면까지만 보이다가 튕겨서 나가요.. 이건 어찌 해야하나요?,1,73,2020-1-28
다른건 좋은데.. 캐릭터를 삭제할려면 50까지 키워야되다니요..너무한거 아닙니까? 누가 힘들게 50까지 키운걸 지우겠습니까? 그렇다고 추가확장은 너무 현질유도 아닌가요? 캐릭터 그냥 삭제할수있게 해주세요,3,10,2020-2-6
게임 잘만들긴 했는데 서버관리는 엉망이네요 재미도있고 열심히 한 만큼 전투력도 착실히 쌓았지만 대기자가 1천명이 넘다보니 휴대폰겜은 하구싶을때 해야하는데 하려면 얼마나 기다려야 하는지...저같은 유저들 꽤 많을듯?전 접을랍니다,2,36,2020-3-18
노트9인데 신섭 대기 치다 발열이 너무 심해서 접속직전인데 폰에서 자동종료를 해버리네요.두시간후 다시 접속해보려고했는데 또 처음 상황이랑 똑같이 대기초반부터 발열 시작되길래 그냥 종료했습니다.대기가 너무 길어서 플레이를 해볼수가 없네요,1,4,2020-2-11
PC로 하다 모바일로 넘어왔어용 연동되서 좋네요 ㅎ 하다보면 자꾸 강제종료가 되는 현상이 있는데 버그인지..? 아 그리고 네임드만나기가 좀 어려운것같은데요...화면에 출현공지가 뜨거나 알림을 좀 해주시면 안될까요?ㅎㅎ,4,8,2020-2-15
오픈부터했던 유저입니다. 3달이넘은 지금 리뷰를적네요. 게임 재밋게 잘하고있습니다. 지금 한가지아쉬운건 시장 활성화? 정도 전체적으로 만족하고 게임하고있습니다. Pc겜이죠뭐 이건,4,3,2020-2-22
"왜이렇게 업뎃이 잦은가요? 오늘업뎃하고나서 들어가려니 서버연결도 아예안되고, 필드보스 3번 잡은날은 튕겨버립니다. 가방도 넘 무겁고 잠시 마음을 비웁니다..ㅂㄷㅂㄷㅠㅠ",3,0,2020-3-31
아스카탄서버가계속렉이심하게걸려요개선해주세요,5,1,2020-5-24
좋긴한데 무과금으로하니 한계가있네요,5,0,2020-6-16
무과금이 힘들어 현질 할만하면 필드 드랍률 조정 너무 심한거 아닙니까? 필드 일반몬스터 영웅템 조금씩 풀리나 했더니만 이건뭐 영혼석에 인벤 가득 차고 아주 맘대로 공지도 안하고 조정 한다는 자체가 어의읍네요. 영자님들이 한곳에 한번 일주일 풀 가동 해보소 영웅템 먹을 수 있나. 어느정도 나오게 해야 될거 아닙니까? 너무 하향시킨것도 아니고 아예 안나오게 하는 이유가 뭡니까? 접으란 야기인가요?,1,10,2020-2-4
아니... 돈털어서 물약사고 보스깨고있는데 거의 다깼을쯤 계속 서버연결 불안정하다하고 멈춰서 죽었네요 물약은 물약대로 다쓰고 겨우깬거 다시깨러가야하네요 하는사람많은만큼 좀 쾌적하게 해주세요,1,3,2020-3-6
조만간 망겜이란 소리 듣겠네. 서버전 도입 했으면 누구나 참여하고 재미 느끼게 해야지. 캐쉬하면 호구되고 것도 막대한 돈을 써야되고 보스독식하고 인성갑질 개소리 하는 놈들이 양학하는 구조로 쳐 만들어 가고있네. 기존 게임들이 그짓 하다 망한게 눈에 안보이나? 랭커고 뭐시고 어느정도껏 투력 차이가 나는 겜을 만들어야지. 개발자 운영자 니들은 한두대 쳐마즘 죽는겜 하라믄 하겠나? 생각들은 하고 겜을 만드는거냐?,1,31,2020-3-21
무과금 유저 입니다. 아직 고렙이 아니지만 그래픽과 시스템 스토리등 상당히 탄탄한 편 입니다. 허나 케릭터의 자유도와 시간이 지날수록 뭔가 힘들어 지는건 어쩔수 없는듯 합니다.,4,1,2020-2-14
게임을 할수 있게 하던가 신규서버 오픈이라해서 갔더니 포화상태고 대기열만 2천명이 넘고 언제 접속될지도 모르고 다시 들어갈려하니 케릭터 생성제한걸고 관리 진짜 안되네 서버를 늘리던가 사전 이벤트를 하시지 말던가 리니지랑 차이가 너무 많이나네,1,3,2020-2-12
"자동이동 할때 낮은 언덕에서 뛰어 내리지 못하고 마치 울타리 때문에 돌아가는 느낌 때문에 좋은 그래픽에 비해서 퀄리티 떨어지는것 같구요 그리고 경험치 올릴때 자동사냥은 좋지만 흔적작 할때 한마리만 원하는 몬스터만 지정해서 흔적작 할수있으면 좋겠어요 또하나 채집물 캘때 너무 적게 주네요 업적 생산량 몇천개,몇만개 던데 1개씩 캐는건 너무한거 아닌가 생각이 드네요 동료 보내도 한시간씩 걸리고 동료 채집등급 낮으면 못가는 곳도 있는데 게임에서 까지 노동을 하고싶지 않습니다 힐링 받고십어요 마지막으로 전투력 오르고 올릴때 피통,공격력,방어...",3,24,2020-2-18
신섭. 신규 케릭 오픈했다고 해서 다운로드하고 접속하려는데. 왜 접속이 안 되고 팅기는건지요? 유저 맞을 준비도 안하고 오픈하신건가요? 유저를 우습게 생각하시는건지? 빠른 조치바랍니다,1,3,2020-2-11
너무 즐겁게 게임을 하고있습니다. 게임을 위해 갤럭시폴드를 샀는데 최적화가 조금 아쉽고 조금더 즐겁게 쳇을 하기위해산 블루투스키보드는 유일하게 v4만 채팅 호환이 안되네요. 저만느끼는 불편함이 아니니 운영진이 연구중일거라 믿어요.,5,11,2020-2-29
다른 문제점은 없어요 V4 재미는 있는데요 버벅임이나 렉 튕김현상 이런것들 좀 해결을 해야할 것 같은데 지금 뭐하시는건지 참 궁금하시네요 유저들이 제일 바라는게 튕김현상과 렉 버벅임이 없는 부드럽게 플레이 할 수 있는 게임환경인데 이건 뭐 틈만나면 튕기고 게임을 하라는건지 이해가 안가네요 필드보스도 지금 못 잡고 있습니다 어쩌라는겁니까 정말 답답합니다 카마오스1섭 유저로서 대기열만 대략400명을 기다리다보면 스마트폰 발열 엄청납니다 V4하다가 제 폰 메인보드가 맛탱이가 갈 듯합니다 제발 부탁이니 최적화 부탁드립니다.,3,36,2020-3-8
오픈땨부터 플레이하다가 개인사정상 두달정도 못했는데 어제 들어가보니 서버가 통합되면서 계정 자체가 삭제되버렸네요 제가 현금으로 충전한게 얼만데 통보도 없이 이렇게 삭제해버리는게 맞는건가요?? 제가 그동안 현질한 금액은 보상은 어떻게받는거죠?,1,111,2020-2-8
무과금으로 머리쫌만 돌리면 충분히 영웅템까진 맞출수있어서 좋네요 렙70이고 직업은 건슬인데 영웅총 욕심나서 55000원짜리 결제한번해서 거래소에서사서 강화6띄울려다가 날라감ㅠㅠ 그래도머 이정도과금하고도 영웅템 거의다 마추어가고있어서 잼나게 겜하는중임 다만 물약무게좀 개당5에서 1로 바꿔주면 너무너무너무 좋겠네요 폰은 갤럭시9+인데 팅기거나 오류한번안뜨고 잘돌아가네요 물약무게좀 수정해주세요!!,5,3,2020-2-11
게임은 할만해요 무과금 소과금도 할만해요 신섭오픈해서 기다렸다 하는데 서버관리가 엉망이예요. 첫날은 서버입장하는데 대기인원이 2천명이 넘어도 기다렸다가 들어갔는데 하루지나니 대기인원이 1천명인데 기다리면 되는데 30분정 지나서 대기인원 절반으로 줄면 튕겨버림.. 진짜 서버관리 거지같이 해놓음.. 사람스트레스받아서 돌아버림 계속 이런식으로 튕김 소과금이지만 진짜 환불받고 싶음 들어가야 멀하든 할텐데 사람 기운빠지게 함 30분 기다리면 튕기고 튕기고 튕기고 어쩌라는거야,2,5,2020-2-12
게임자체는 잘 만들었지만 과금유도가 너무 심한거같아요. 저같은 직장인들이 방치해놓고 게임하긴 너무 편리한데 무과금으로 해보겠다고 좀 오래 해봤는데 퀘스트도 안깨지고 과금없이는 거의 불가능같은 게임 같네요.,2,4,2020-2-17
전 스토리 덕후인데요! 메인퀘에 캐릭터마다 숨겨진 스토리 보는 재미가 쏠쏠해서 더 오래 할 수 있었던 거 같아요! 그런데.. 이제 거의 다해가는데.. 다해간다는 사실이 너무 슬프네요.. 업뎃 예정 없으심미까..ㅜ,5,8,2020-2-16
"게임접속할때 대기자때문에 휴대폰 뷰셔버리고 다시삿습니다. 이렇게 서버인원을 적게만들거면 신서버 왜만드는지요? 돈좀 버니깐 배불러서 게임관리 대충하는거 다압니다. 그래도 사람이 양심이있으면 어느정도는 받쳐줘야한다고 생각합니다. 세상사람 누구나 먹고살기위해 어쩔수없다는거는 알지만 이 뽑기확률을.. 좀 너무하다고 생각않하시는지요.. 리뷰,악플달면 그냥 컴퓨터자동작성으로 그냥 답변 똑같은거만 대충대충해주시고 V4유저가 호구입니까? 너무 돈에만 집착하는거같은데 유저분들도 이득이 있어야 꾸준히 현질해서 돈을 벌지않겠습니까? 제발좀 게임관리하는...",1,30,2020-3-17
노트 9으로 실행이 불가능한게임인가요? 게임 실행자체가안되네요,1,1,2020-4-6
"보통 mmorpg겜 플레이 시작후 30분내 계속할지 삭제할지 판단하는데 첫인상은 좋아서 올만에 검은사막과 더불어 며칠넘게 플레이하고 있음! 참고로 린2 만빵기대하고 플레이했다가 그래픽 포함 특징 일도 없고 액션은 굼뱅이 답답, 오리시널 린2 향수도 일도 못느껴 10분해보고 삭제",5,13,2020-1-21
동료가 벌써 이틀째 지역토벌이 안되는데 건의를 해도 왜 안고치는지? 토벌보낼려고하면 이미 토벌중이라 그러고 토벌이 안보내짐 빠른 해결부탁요,1,0,2020-4-15
"게임은 상당히 재미 있으며 인터페이스도 쉽게 되어 있어요 무과로 3달 했는데 탈것,소환수 영웅 뽑았구요 쌍 영웅반지도 만들었고 젬도 2만개 이상 보유 근데 매번 하는게 똑 같아요 몽틈, 자사... 젬 수급 몽틈 손 컨 말고는 없어 겜 한다기 보나 노동한다는 느낌. 무과도 할 만한 겜이니 추천 단 시간 갈아넣어야 합니다 재밌게 3달 하다가 가요",4,39,2020-3-19
"게임은 재밌게 하고 있어서 별점은 높게 드리지만... 주말에 대기자떠서 기다리는것 까지도 이해하지만, 대기 한참 기다렸는데 대기자 얼마안남았을때 팅기는게 너무 심하네요~~!!! 라시트서버가 맨날 포화에요.. 주말은 게임에 접속이 아예 안돼요ㅜㅜ",5,42,2020-3-22
영자님 영웅 소환수 하나만 주세요 ㅠ 진짜 열싱히 하겠습니다,5,0,2020-5-29
엔씨소프트가 성공한 이유는 게임아이템 개인거래가 가능하다는 겁니다. 베이에서 판매가 가능하니 투자도 하는겁니다. 아무리 잘 만든 게임도 개인 거래가 되지 않으면 오래가지 못합니다. 투자한 만큼은 아니더라도 어느정도 즐기다 나중에 판매를 할 수 있어 보상이 있으면 작업장들 또한 현질을 합니다. 확율 또한 적절히 조종해야지 너무 잘나오게 하면 작업장 큰손들 이탈합니다.,2,14,2020-1-27
이 게임 사람 짜증나게 하네 칠흙의근원 두달동안 624개 모아서 다 돌렸더니 보라색 장비는 하나도 안나오고 내일 업데이트에 확률 높힌다 그러고 오늘 다 질렀는데 진짜 게임 할맛이 안나네 여태 아처 처음 생기고 나서부터 지금까지 24시간 풀로 돌렸는데 이런식으로 게임을 만들면 누가 하고 싶겠냐구요 이러니 하던 사람도 접고 나가지 장비 안줄거면 뽑기 만들지 말아요 유투브 보니까 몇천만원 지른 사람도 장비하나 탈것하나 안주던데 왜 이따구로 만들었죠? 돈만 쳐 드시고 나몰라라 하는 게임인가요? 넥슨이 이렇게 쓰레기인줄은 처음 알았네 민원도...,1,14,2020-3-31
무소과금도 할만 함. 현질유도는 꽤 있음,4,0,2020-4-28
겜 멈춤현상 잡아주소 짜증나네,1,1,2020-5-25
지금 막 깔고 시작하려는데 여태게임 하면서 혼자쓰는 캐릭명도 해보고 자주사용하는 숫자로도 해봐도 계속 있는 이름이라고 캐릭조차 만들수없네요 30분동안 항시쓰던거 다조합해도 있는 이름이라고 나오니 절대 만들수도 할방법이 없네요 쩝,1,0,2020-3-5
게임은 진짜 너무 재미있어요~~대기열이 너무 불편한거같아요..다른것 하면서 기다리고 있으면 서버끊기고..다시 대기하고.. 서버를 더 크게 만들 필요가 있는거 같네요..,1,2,2020-3-15
사전예약 쿠폰을 아직 받지 못했습니다,5,0,2020-4-15
역시돈슨 넥슨 확률 꽝 현질100퍼 현질유도겜 넥슨회장 돈버는거똑띠네 ㅋ 이겜 하지마라,2,0,2020-6-3
노트 5는 화면이 노란색으로 나오는! 이겜은 노트9 정도의 성능의 폰이 아니면 못한다는... 최소사양을 알려 주는것도 없고! 다운로드는 가능하게 해놓고!,2,3,2020-2-26
"오픈 때 부터 즐겜하는 유저인데요.. 삭제되었던 비활성화 캐릭터가 다시 생겼는데 왜 조치안하나요ㅡㅡ 참다참다 리뷰남깁니다... 파밀라2 나이트 ""체이루나"" 삭제해주세요... 비활성화 상태에서 안건드렸어요",1,1,2020-3-5
지금접속이 안되는데 왜그런가요?,5,0,2020-4-14
폰으로 팅기는 현상만좀 잡아주시면 괜찮을게임이에요 레벨72까지 키우는데 과금은 중요치안구요 과금이란건 더강해지고 남들보다 빨리키우고싶고 좋은거 갖고싶은 유저의 선택이라 생각합니다 소과금 유저지만 무과금으로 할만하고 재미잇어요^^,4,386,2020-1-21
"다 좋은데 보스탐할때 채널이동, 위치순간이동하면 왜 맨날 팅기는데요 팅기고 나면 접속대기자때문에 기다린 보람도 없고 머하자는겁니까 그래픽 좋고 타격감 좋은데 팅기는건 언제 고칠껀디요 짜증나네진짜",2,0,2020-3-4
30만원쓰면서 소소하게 즐기고있었는데 영혼석 전설도아니고 영웅 강화 4번연속 터져서 접었습니다 아니무슨 영웅올리는데 확률을 이따위로 해놓는겁니까 마치 영혼석 관련 현질을 하라는듯이 말이죠 막판에 진짜 살려다가 그냥 접었습니다 소과금유저를 전혀 배려하지 않는 게임이었습니다,1,46,2020-3-14
정말 무과금으로도 잼있게 하고 있습니다 게임20년동안 이런게임은 처음 안좋은 점은 넘 잼있어 피곤해짐..,5,6,2020-3-24
현질 노가다를 열심히 하면 된다.노가다에 지쳐서 그만둔다,2,0,2020-5-5
"pc는 풀 더빙인데, 모바일은 더빙이 제대로 안되어 있는 더러운 세상!!!!",1,0,2020-4-29
갤럭시 J7 인데 처음 설치하고 잘 되다가 게임이 바탕화면으로 팅겨나와서 다시 접속하면 V4 첫 로고화면뜨고난 다음 최적화 화면이 떠야되는데 안뜨고 바탕화면으로 팅겨나와요 왜 그런거죠?,3,1,2020-3-12
"혹여나 신규유저나 한번 해야지 하는 분들 제가 뭐가 문제점이고 어려운지 이야기 해 드릴께요~! 일단 최근 반지 영웅등급 업데이트 하면서 무조건 돈써야 영웅 반지 만들수 있답니다^^ 무과금은 영웅반지 할 수가 없답니다^^ 역시 돈슨^^ 이로 인해 상위권과 격차가 벌어질만큼 벌어졌구요. 상위 길드 통제로 일반 유저가 할 수 없는 게임이 되어버렸습니다. 상위 고렙 랭커길드들이 그나마 영웅 먹을 수 있는 사냥터 통제합니다. 이젠 젬 수급이나 아이템 수급도 어려워졌네요^^ 소환, 탈것, 동료들 희귀 하나 얻을려면 최소 운좋으면 1달 저 셋중...",1,1,2020-3-27
재미있고 알찬 게임이네요 덕분에 잘하고있습니다,3,0,2020-5-26
장난 합니까~?오후1시부터 대기 하다 갑자기 점검 ~또 업뎃 하고 점검 여지껏 대기 하다가 3백명에서 다시 센셔 종료 다시 재접 1700명 다시 대기 그럼 그렇지요~~현재 시간 19시53분~~~~~~~,1,2,2020-2-11
재밌는거는 정말 인정합니다 정말 재밌게 잘하구있어요. 근데 대기열좀 제발...재밌다가도 대기열땜시 화가 엄청납니다. 200명.. ? 10초 지날때마다 많으면 3명 빠지고 혹은 안빠지거나 1명씩 빠지고 아 이건 쫌 아닌거같아요 진심으로,1,18,2020-3-13
음 좀 무과금들은 게임하기가 너무 힘들게 세팅을 해놔서 게임 캐릭터가 메인 퀘스트를 따라가지를 못해요 조금 장비지원을 해주시든 퀘스트할때 몬스터를 약하게 해주시면 좋을거 같습니다,3,1,2020-2-22
현재 가디온4 서버 루비각성 유저인데 피가 조금씩 자동으로 채워지지 않나요? 그리고 카마오서버도 캐릭을 키우고 있는데 최근에 피가 자동으로 채워지지 않아서 게임을 할수가 없네요 오류인가요? 나만그런가! 빠른 답변 부탁드려요.,1,0,2020-3-14
오늘 스킬상자2개 열었는데 아무것도 안나옴 이거 버그인가..??,1,0,2020-5-28
너무 재미있어서 나만 하려고 (수정)말씀대로 함께 즐기니 더욱 재밌더군요. 아이템 드랍율만 조~금 높아지면 아주 행복할거 같습니다. 사랑해요~~♡,5,3,2020-3-7
오늘자 점검후에 튕김현상이 심각한수준으로 증가했습니다 맵을 옮길때마다 튕겨서 게임플레이가 불가능합니다. 폰기종은 아이폰8 입니다.,1,3,2020-1-23
렉이 쉽게 걸리고 화면으로 저절로 그냥나오게 되는데 제작자누군지 정말 게임이 제멋대로 자동적으로 나가는데 게임은 왜 만드셨나요? 처리 부탁드립니다 설 연휴라 안되겠지만 빠른시일내에 처리해 주세요 감사합니다,5,5,2020-1-24
운영진들 양아치입니까? 사냥하고 렙옵하는 필수맵들에 전부 pk가능으로 해놓고 자동사냥시 반격기능 제공안하고 그냥죽을수밖에 없게 만들어놓고 정작pk가해자들은 페널티거의 없고 그냥 성향치 돈내고 복구하면 땡! 죽은 사람들인 다시 체크할때까지 축복의 물약 시간낭비 및 이것도 캐쉬템이라 낭비되는만큼 돈주고 사야함 결국에는 남는 장사라는 겁니까? 아프리카비제이들 많은 특정 서버에 어그로 끌려서 재정신아닌 플레이어 몇몇때문에 수십이 손해봅니다 주말 새벽아침에 특정 마을 가보십시오 죽고나서 방치되어 있는 캐릭이 20-30은됩니다 어느마을에서도요...,1,7,2020-2-3
게임 설치가 안되네요.. 게임 호딩 화면에서 추가설치가 뜨는데 거기서 오류가나네요. 정의 되진않은 오류라고 몇번을 재설치했는데돞같은거 떠요.,1,2,2020-2-10
"어제 밤부터 오늘 오후까지 세션이 만료.. .. 대기열 무한반복으로 접속을 못하고 있습니다 결재해놓고, 장비 차고 열심히 해보려 했는데 ... 빨리 해결해 주세요",2,1,2020-2-12
대기열뚫고들어가면 튕김현상이 일어나는데요 갤럭시 노트 10인데 자꾸팅김현상이일러납니다. 오늘 오전에만 5번팅김 지금도 진행중인데 확인부탁드려요 빠른조치부탁드립니다.,4,2,2020-3-9
그냥 게임접어라 요즘같은 시대에 게임접속대기가 뭔시츄에이션... 서버 늘릴돈없어면 걍게임접지 대기는 뭔대기 대기시간이나짧나 삼십분이상대기....별하나 주기도 아깝다.,1,0,2020-3-10
재밌네요 근데 강화확률이 너무낮아서 장비날아갈까봐 무서워서 강화를못하겠어요 강화실패시 장비파괴는 너무한것같아요 현질해서 장비사고 날아가면 옷벗고 다니라는건가요? 장비파괴되는것만 어떻게 해줬음좋겠네요 여러게임해봤지만 그것만빼면 게임스토리는 제일 괜찮은것같아요,5,13,2020-3-17
인앱구매 결제오류 관련 문의 드리고 싶은데 어디로 드리면 되나요? service_mobile 메일로 문의 했는데 답변이 안와서요. 답변 부탁 드립니다.,4,2,2020-3-17
장비재작도아니고 복골복인거는 진짜개임중에 어처구니없다구생각합니다 필드보스빼고 다른보스는 시간대가 표시되어있었으면합니다,1,0,2020-3-27
타격감이 좀 부족해요~ 틱틱하는 느낌,3,0,2020-6-16
겜 안한지 일년이 지난것도 아니고 약 3~5개월 정도 안하고 다시돌아왔는데 캐릭이 없어졌네요 겜 삭제한것도 아니고 아이디가 없는것도 아닌데....,1,4,2020-2-8
다운르드이후 실행이안데네요. 긴 장문 영문과 함께 안데요 unable to run on this device!《무엇인가요? 드라이브? 제 폰은 갤럭시A7 입니다,1,2,2020-2-8
게임을 설치하고 패치를다받고 나서 게임을하려고하면 여정을준비중입니다 라고 나오더라고요 핸드폰이 겔럭시s8+를 쓰는데 이걸로는 이게임을 할수가없나봐요?,1,0,2020-2-11
신섭 오픈해서 다시 하니 접속하는데만2~3시간 장난하자는건가.. 미리 증축시키던지 점검할때 증축을하든 안정화를 하든 해야지 아직까지도 대기자 2400명이 말입니까ㅡㅡ,1,4,2020-2-11
신서버에서 영웅장비 받고 시작하자?? 개 뻥임~!! 신섭에서 아처 생성해서 하는데 영웅장비 없음~!! 속아서 처음 해 보는데... 쩝~,1,0,2020-2-21
폰으로 설치했는데 겜 시작전에 자꾸 화면이 팅기는 이유가 먼가요? 19세미만 안내 나오면 화면엣니 팅기네요 재설치도 마찬가지고ㅡㅡ,1,0,2020-2-29
재미있게 잘만들어진거같아아 지금까지 게임했던중 .,4,0,2020-4-15
너무 귀찮은게 많은게 흠. 운영은잘함,5,0,2020-5-3
저만그런가요...?다 좋은데 트랑제 숲으로넘어갈때마다 캐릭터 목소리가 나오다가 끊기더라구요...그래서 2번이나 탈퇴후해도 똑같구요...,4,8,2020-1-26
신서버 접속이 완전 제한되서 게임을 할수가없네요 사전예약까지 했는데 게임 접속하려고 새벽까지도 기다려봤는데 신서버는 생성제한으로 접속이 완전히 안되네요...,2,2,2020-2-15
PC로 하려다 뭘 눌렀는지 계정이 삭제되었어요 이메일도 보냈는데 답도 없으시구 신캐릭 나와 다시 하고 는 있지만 그전께 조금 아깝긴하네요^^ 복구 방법은 없는거죠?,3,2,2020-2-14
점검 너무 자주하는 거,5,0,2020-6-16
재미는있어요 그런데 아이템 강화가 넘 힘들어요. 또한 %라도 확인되면 조으련만 ..복을복? 운에 맡기긴 좀 그러네요..,4,2,2020-2-10
레드잼 99개 증발 했습니다. 적은 양이긴 하나 게임내 중요 재화가 증발하는 현상이 아직도 있다는 게 이해가 가질 않습니다. 다른 유저분들은 피해 않보시길 바랍니다.,1,1,2020-2-13
접속해서게임시작하려니깐 이름입력도 안되고 무슨게임하라는건지 모르겠네요?? 20분을 다시하고다시하고 했는데 케릭터이름입력적용안되어서 포기하렵니다 별주기도아깝네요 !! 이런게임처음이라 당황스럽네요,1,0,2020-3-7
게임은 재밌게 하고있는데요 11000원 발렌타인 패키지를 구매하였는데 돈만 나가고 상품수령은 하지 못했습니다... 빠른 확인 부탁드립니다...제발...,5,2,2020-3-14
안드로이드10 업데이트 하고나서 자꾸 멈춰요,5,0,2020-6-3
아니 추가 다운 받는거 와이파이만 사용하는 기능 없습니까? 다운 해놓고 넋놓고 있었는데 중간에 와이파이 연결 순간 안돼서 통신요금 11000원 나갔네요. 진짜 게임 하기 전부터 짜증나서 못해먹겠습니다,1,29,2020-1-24
갤럭시s10 입니다 일일퀘로 하루하루 연명하다가 언제부터 사람많은곳가면 미칠듯한 렉 때문에 폰ui도 먹통이고 화면 켜지는것도 거의먹통이고 걍 폰이 먹통이됩니다 갤10 문제 인가요?,2,23,2020-1-26
신규서버만들고 광고는 계속 톡으로 문자로 보내면서 생성제한이라하고 개판이네요ㅎ 서버를 충분히 갖추고 톡이나 문자를해야지 준비없이 시간만 보내게 만드네 ㅎ 암튼 이럴려면 광고하지마세요 ㅋ 장난하는것도 아니고 몇일째야 ㅎ,1,1,2020-2-14
"업데이트 다시 하삼. 패치중에 오류나서 업데이트 실패, 퍼센테이지도 들쑥날쑥 하네요. 심지어는 마이너스로도 떨어짐.",1,0,2020-3-8
PC로도 할 수 있어서 잼있게 하고있어요. 프로그램이 너무 가벼워서 네이버나 유튜브 보면서 하고있어요. 딱 좋아요!!,5,0,2020-3-12
서버점검은 왜하나요? 개선되는게 하나도 없는데 그리고 일부유저들 보스독점하는거 문제있는거 아닌가요? 그 유저들 과금러들이라 봐주는건가요?,3,1,2020-3-24
라츠 2섭 유저입니다 이번에 통합되면서 호버 섭으로 가게 되었는데 출석부 초기화 되었던데 이점 변경 부탁 드립니다,1,0,2020-4-9
"신규클래스 동시에 다시 접속을 해봤는데요,아처는 좋습니다 그러나 아직도 게임상에서 그래픽이 흐려진건 수정패치를 않한거 같군요.",3,3,2020-2-11
다운로드 추가설치에서 연속적으로 튕겨나오네요~ 해볼려고했는데 한 두번시도해봤는데 3번 더 해보고 안되면 하던 게임하러갑니다. ㅎㅎ,1,1,2020-2-11
업데이트 되고 나서 중간에 계속 튕깁니다. 절전모드상태에서 전화와도 튕기고요.. 갤노트9인데 팅길만한 사양이 아닌데..,3,0,2020-3-1
음 강화 확률은 얼마인지 몬스터 처치에대한 전투력 경고나 안내 같은것두 없구 이래저래 쫌 아쉬움이 많네요 그래픽은 인정 합니다 괜찮네요 이만 접습니다~,2,2,2020-2-27
진짜 무과금으로 일주일 해본결과 돈안쓰면 메인퀘도못함 아이템 먹을려고 루나트라가서 10분정도 자사돌려노면 다른섭에서와서 죽임 도망도 못감 두대맞으면 바로 죽음 뽑기확률도 극암이고 그냥 과금 안하면 하지말라는게임 영웅 아이템은 몰라도 장비나 펫.탈것 뽑기하면 희귀 조차도 안뜸 그냥 뽑기하면 일반만 주구장창 뜨고 고급조차도 잘안나옴 에휴...장비 강화하면 장비 파괴는 왜있는거임 진짜 힘들게힘들게 희귀 아이템먹어서 강화하려고하면 5강부터는 아이템강화 실패시 바로파괴임 무서워서 강화도 못함....게임을 즐길수가없음 그냥 돈오질라게쓰는 사람...,1,1,2020-3-2
너무 계속 자꾸 팅김니다........V20이라서 긍가.....근데 51렙까진 잘 키웠거든요....그 이후 접속만 하면 바로 튕기네요....재밌는데....그래서 슬픕니다...ㅜㅜ V50은 안튕기는데...역시 폰 탓인걸까요...ㅜㅜ,1,0,2020-3-7
게임을 잘만든여세요결제가 잘안되요,5,0,2020-4-15
왼만 하면 이런글 안올리라 햇는댕 자원을 어케 모으는거대 이런겜 첨 본다 넷마블도 이정도 아닌대 일일퀘 이런건 업나 이런겜 과금 성격 파탄 나긋다 넥슨 겜 알앗어,1,0,2020-5-30
백그라운드 다운로드를 하는데 왜 마이너스가 되죠? 퍼센트가 -11%를 찍고 있는데 이건 시간역행인가요? 아니면 게임에 제 핸드폰이 빨려 들어가고 있는건가요?,1,6,2020-1-23
신서버 몇시간을 기다려서 겨우 들어갔었는데 캐릭터 만들다 갑자기 3서버 점검이라면서 팅기질 않나..포기하고 다음날 들어갔는데 뜬금없이 생성제한이 걸려있고,1,1,2020-2-13
대기열 로딩중 튕김현상 3월15일 일요일 오후5시부터 대기열 기다리다가 계속 튕기네요 데이터로 해도 튕기고 와이파이로도해도 튕기고..저만 그렁가요?,3,0,2020-3-15
안녕하세요 오늘 접속했은데 1~2분후에 접속끈힘니다 섭점검잘못덴거 아닌가요? 5번 게임 접속해서 끈힘 왜~~ 저만 그런가요?,1,0,2020-3-17
결제취소는 됬는대 환불은 언제 처리되나요?ㅠ,3,0,2020-4-8
안드로이드로 처음 시작할시 최적화중 좀 넘기는 기능은 없나요? sd855 ufs3.0인대 넘 오래 걸립니다. 아폰이나 아패에선 바로 넘어가지는대 왜 안드는 한 1분 정도 잡아멋어서 짜증나네요,3,5,2020-1-25
설치후부터 게임하지않는대도 계속 진동과 알림음이 나옴니다 인터넷이나 다른작업할때 자꾸 오류가 나는대 이거 차단할수없나요?,1,16,2020-1-27
카노테온 서버에 캐릭터를 두개 만들어 놓고 2달쯤 다시 접속했는데 통합됐다는 파밀라 서버에 캐릭터가 아예 없어졌는데 어떻게 된건가요?,1,3,2020-2-6
하..대기하다가 시간다감.. 100명이 대기접속중이라고 기다리라함 잠시 한눈팔다 들어가면 80명 60명 줄다가 잠깐 깜빡해서 다시들어가면 다시 타이틀화면?으로 돌아간다고하고 다시 대기인원 111명ㅋㅋㅋㅋ,1,0,2020-3-12
거래불가 아이템이라도 창고에는 들어가게 해야지 인벤에만 있게 하는것은 생각없는 발상이다. 누구 생각인지 머리가 장식인듯. 그리고 같은 영혼석은 합쳐지게 해야지 인벤 칸만 차지하게...쯔 허접 갬,1,0,2020-3-24
아이디중복이라고 케릭생성이안되네요 다해봤는데 겜을할수가없네요,1,0,2020-4-12
설치하고 접속해서 추가다운로드까지 받앗는데 왜 자꾸 팅기는건지 모르겠네요..접속이안되네요...,1,1,2020-1-26
왜계속팅기는겨? 접속을한번도못해봄ㅡㅡ.. 노트8은 이게임지원안하나요 초기로딩끝나고 계속팅겨서 고객센터구경못해요..,5,2,2020-2-19
요즘 계속 이거만 하게되네요 리지니도 해보고 다른 MMORPG도 해봤지만 V4가 가장 좋은거 같네요 개발자님들 화이팅하세요!!,5,2,2020-3-7
너무 재미었없요게임 현질유도게임 그럴빠엔 카트 모바일 해라,1,0,2020-5-26
현질안할꺼면 건드리지마 ㅋㅋ,1,0,2020-6-4
아이템 복구해주세요 사망하고 들어오려해도 신섭이다보니 대기열때문에 접속안되고 팅기다가 보조무기 손상된거 날라갔습니다 어쩌실건가요?,1,1,2020-2-16
관리자님 이블린5섭에 하나있는 제캐릭이 공중에 붕떠서 아무것도못하고있는대 순간이동주문서도 안가지고있구요ㅜㅜ 버그같은대 조치부탁드려요,5,2,2020-2-17
재밌긴한데 이거 자동사냥하면 몹과의거리를 이동불가지역 고려안하고 직선거리로 선정해서 원거리는 덜한데 근거리는 매우짜증남 계속 뺑뺑돌아서 불편합니다,4,0,2020-2-19
해킹을 당해 돈이 빠져나갔습니다 분명 해본적도 없는 게임인데 제가 군인이라 9시도 안되어서 핸드폰을 제출하는데 10시40분 가량에 14만원가량이 결제되어 있었습니다 2월27일에요. 어떻게 방법이 없을까요 적금을 제외하면 뼈빠지게 노동해서 한달에 24만원 들어오는데 해킹범때문에 그중 14만원이 빠져나갔습니다. 너무 억울하고 꼭 다시 찾고싶습니다. 도와주세요 제발,1,0,2020-3-7
들어갈려구하면 자꾸팅기는데 무슨상황이죠..,1,0,2020-4-23
"소환수,탈것에 한계를 느껴 접네요.. 잘만든 게임을 뽑기에 눈이멀어 모든걸 놓치고있네요 정말 많이 아쉽습니다",1,0,2020-3-13
팅김현상. 아니계속 팅겨요..패치이후 게임화면 케릭터선정후 케릭터이동하면3초만에계속팅김,5,1,2020-1-29
아니 신서버 접속은 할수있나요..대기하고있다가 팅기고 대기자는 뭐 엄청나고...진짜 하고싶어서 사전예약도했는데 한번도 신서버 들어가보질 못하네요,1,2,2020-2-12
저기 이번 업데이트하고 추가패치 다운로하는데 그다음부터 접속자체가 안되요 v4화면이 켜졌다가 바로 없어지고 30번째이러네요 해결좀해주라구요,1,1,2020-2-12
게임이 다 그렇지만 심리적으로 장비구입 후 업그레이드 안되게 하서 계속 장비구입 하게 함 심함 장비사느라 아깝지만 질림 안해야겠다 가 70렙 오면 생깁니다 생각잘하구 겜시작해야 할게임입니다 지송,1,1,2020-3-11
게임을 하지도 않는데 자동으로 165000원 이라는 거금이 결제됐네요 군인이라 핸드폰도 17시 30분 이후로 받는데 15시 44분에 결제가 됐는데 환불을 어떻게 받나요.,1,1,2020-3-12
진짜 리니지 하다와서 그런지 진짜 게임잘만들엏음 리니지는 과금해도필드에서 아이템도 안주는데 이건 무과금도 아이템잘나오고 패키지 들도 가격저럼하고 캐릭도 이쁘고 운영진피드백도 빠르고 역대급 최고게임입니다,5,3,2020-2-14
재밌어요 근데 평소에 아이패드로 겜하다가 갤럭시노트8로 게임 하려고 했는데 네트워크오류라고 안들어가져요ㅠㅡㅠ 이거 어떻게 해결방안 없나용??,4,6,2020-3-18
"현질유도 망한게임 특별한것도 없고, 그렇다고 그래픽은 여느게임들이랑 비슷한데 무슨 낯짝으로 돈을 긁어달라고 하는지 모르겠네??",1,4,2020-3-19
아 진짜 승질나서 못해먹겠네요 업데이트는 시도때도 없이 하면서 전화와도 팅기고 문자와도 팅기고 카톡와도 팅기고 휴대폰 던져 버릴뻔 아오 하루에도 수십번 팅기네,1,3,2020-3-20
게임이 계속 멈춰요 왜 이러는거예요??,2,1,2020-5-26
레벨 62까지 하다가 접었다 복귀했는데 캐삭 렙제 50은 진짜 듣도보도 못한 제한인데 이거 바꿔주세요. 심각한거 같음 시스템...,2,0,2020-2-11
갤10플러스인데 캐릭터가 하늘에 붕 떠 있고 화면이 멈춰 있어요ㅜ.ㅜ지우고 다시 받아보아도 똑같네요ㅜ.ㅜ,1,0,2020-2-19
아니...대기시간 어쩔겁니까? 하루종일 게임돌리라는건지... 전화와서 팅기면 대기시간 1시간... 결재한거 후회하게만드네...,1,0,2020-2-12
게임을 진짜 못하겟네...업뎃이후에 자꾸 튕기고 한두번도 아니고 빨 업뎃해줘요 폰기종은 갤럭시s10+5g입니다.,1,1,2020-3-19
오랜만에 잼나는 게임! 소과금도 나름 재미있음!,5,0,2020-5-8
문의 드릴깨 있는데요 경험치 옆에 시간도 표시 됬음 좋겠어요 시간을 볼려면 알림창을열어되서 귀찮음 시간표시 해주세요 다음 업데이트시,4,0,2020-2-14
캐릭터명지을때마다 짜증나네요 중복가능하게 바꾸던가 무슨 아무단어나 막쓰는데도 다있는 닉넴이라고 만들어지지도않아 아오.,1,0,2020-2-11
여타 비슷한 게임을 깔았다 지웠다를 반복해본것 중 이게 제일! 찐 게임 재밌다! 그래픽 탁월 대용량 게임인데 끈낌없음! 뭣보다 캐릭이 너무 잘 빠졌음!,5,31,2020-2-14
현질안해도 어느정도 게임 즐길 수 있음 제대로 즐기려면 현질은 필수 현질 몇푼해봤자 티도 안남 왜냐면 확률게임이니깐 그러니 적당히 현질할 바에는 무과금으로 게임 즐기셈,5,2,2020-3-17
사전예약했는데 문자도안오고 몇일지나서 쿠폰조회해보니까 없다고뜨냐... 삭제한다,1,0,2020-4-17
슬슬 현질유도가 심해지고ㅜ질림,2,0,2020-6-16
게임은 재밌는데 제발 비슷하기만한 퀘스트만 주는것좀 변경해주세요 똑같은 몬스터만 37마리씩 잡고 끝나면 또 37마리 잡고 퀘스트좀 다양하게 해주세요 제발,3,5,2020-1-23
"최고매출3위라 ~~~ㅡ.,ㅡ 사전예약 했는데 대기열에 밀려서 신섭생성제한 되어서 못들어가는데 아이템 지급없는건가요ㅡㅡ",1,1,2020-2-13
이것은 무엇인지~ 사전등록을 했는데 왜 쿠폰이 소식이 없나요? 확인 은 오디서? 폰으러 문자 가 옴? 답좀 주세요~,1,1,2020-2-11
아니 무슨 패치가 오류뜨면서안되요ㅡㅡ 오류명(정의되지않은오류) 장난하나ㅡㅡ,1,0,2020-2-11
오늘 들어가는데만 1시간 기다렸습니다 배터리만 다 다네요 실수로라도 나가져 버리면 1시간씩 기다리는게 너무 힘이드네요 출책도 중요하던데 .....,1,1,2020-2-23
접속대기 기다리다가 잠들었어요. 겜을 하라는건지 하지말라는건지 도대체 이해가 안되네요 오늘도 대기만하다가 걍 포기하고 갑니다. ㅜ.ㅜ 제발좀 빨리 고쳐 주세요 이러다 접겠네요. 소잃고 외양간 고치지 말길 바람,1,1,2020-3-10
알수없는 앱종료등 오픈한지 3개월이 지나도 개선이 되지 않네요. 확률 잠수 패치 등도 짜증납니다.,1,4,2020-3-17
구매한적 없는 아이템 결제되어 있고 왜 마일리지는 들어와있는데 아이탬은 없고 이게뭐죠...? 환불처리 부탁드립니다.,1,0,2020-3-26
과금을 좀 한거같은데 저만그런가요? 왜 운이이리도없는지...그래도 잼있게하고있어요. 영웅좀주셔요 제발 남들 다 있는 영웅 무과금도있는영웅 몇백썻는데 저만없네요...,5,2,2020-1-23
와이파이로 접속하는데 와이파이연결이 불안정하다 떠서 접속 자체가 안되네용 집 와파로는 잘만 되던디 안드로이드 버그수정좀,3,2,2020-1-31
할만하네요 하지만 중렙 올라가니 체력도딸리고 무과금은 장비를 영광 빼고는 뽑을수도없던데요...좀 중렙도 쫌편안하게 사냥햇으면....딸림전투력 상당히,3,2,2020-2-5
신섭개설해놓고 들어가지도 못하는 어이없는 관리 신섭에서 리작하려는 신규 유저인데 서버 접속도 안되는 거지같은 게임 서버부터 제대로 확보 했어야함.,1,1,2020-2-12
신섭을 생성 제한걸면 하라는고 말라는고 글고 최적화는 발적화임 뭔 대기자가 그리도 많이뜸 또 눈팅만 하다가 가긋네 에효 관리좀 잘합세 서버 딸랑 3개 장난?????,1,2,2020-2-12
게임은 재밌는데 대기열에서 계속팅김..9시부터 재시도하는데 11시까지 안되네요 못하겠어요.,1,2,2020-2-16
무슨 대기 인원이 이렇게 많을수가...게임을 할수가 없네...아무리 게임이 재밌어 1시간을 대기해가며 기다릴 사람이 몇명이나 될까?,1,2,2020-2-16
넥슨은게임머니로조지는버릇여전하네..템에서는과금유도는많이못느끼지만게임머니로등골이훰..겜은재밌고만족스러움..,4,1,2020-2-14
업뎃이후 접속이안됨 삭제하고다시받아두안됨..,3,0,2020-4-28
핸폰 업데이트후 겜이멈춰요 삭제후 재설치 해도안돼네요,1,0,2020-6-1
업데이트도 다했는데 여정을 준비중입니다만 한시간째뜨네요 와이파이 LTE 둘다 해봤는데 안넘어가네?? 게임을 하라는건지 말라는건지 돈슨님들아 잘좀 합시다?,1,22,2020-1-21
타격감이 없고 매지션 마나 부족 ㅋ 접어요 검은사막이 얼마나 잘만든 게임인지 알게되었음 다시할 엄두는 안나지만 검은사막이 것겜,1,3,2020-2-6
신섭은 대기계속 하다가 팅기고 아예 접속조차 할수도 없네요..이런게임 처음 봤습니다.,1,1,2020-2-19
게임은 할만한데 서버좀 원활하게 분리하세요 ㅡㅡ 서버 대기가 항상 300명 이상이라 하기가 실어지는 게임 입니다.,3,2,2020-2-16
내리뷰어디감?ㅋㅋㅋㅋ 11일업데이트한다고 왔더니 신섭대기2200에다가 1시간기다렷는대크레딧인지뭔지초과됫다고 다시접속했더니 3000번ㅋㅋㅋㅋㅋㅋㅋ안하고만다,1,2,2020-2-12
와이파이 있는데에서 공기계로 게임을 하는데 접속이 너무 안됩니다. 다른 방법이 있나요?,5,0,2020-3-4
게임은 재밌게 잘하고 있어요.. 궁금한게있는데..갤럭시탭e8.0 16기가인데 이걸로 v4못하나요? 플레이스토어에 검색하니..안나오네요...ㅠ,5,1,2020-3-6
재미있습니다 앞으로도 더 좋은 게임 만들어 주세여,4,0,2020-4-14
아처77렙 유저인데 강화률 정말쌍욕나온다넥슨게임답다,1,1,2020-5-2
다양한 컨텐츠 및 캐릭터간 밸런스가 필요합니다. 필드에 총잡이랑 칼잡이가 몰려서 사냥하는 이유가 있지않을까요??,3,3,2020-1-23
광고보고 신규 서버가 나왔다고해서왔는데 1.2.3. 전부다 댜길열 1000명이상이네 서버를 좀 늘리던가 게임 해도못보고 삭제 네 더러워서,1,2,2020-2-11
다채롭고 재밌다 과금유도가 심하지 않다고 생각되고 무과금이라도 자기가 노력한다면 차이를 어느정도 메꾸는것같고 과금을 한 사람은 하는만큼 보상을 어느정도 얻는것 같다,5,0,2020-3-2
로그인 하려고하면 서버점검중입니다(-9) 이렇게 뜨는데 무슨문제인가요?,5,0,2020-3-8
노트 8로 안되길래 급하게 V4하려고 노트 10으로 바꿨는데 원래 노트 8은 안되는건가요? 공기계로 쓰려고했는데 유일하게 V4만 안되네요,1,2,2020-2-14
운영을 안함 서버완전 저렴한거 쓰는건지 게임을 할수없음 점검하고 팅기는건 당연하고 팅기면 400명대기에 아주 웃깁니다,1,1,2020-2-14
자꾸 서버접속이 끊어져서 짜증나네요...접속할수 있는 서버를 더 만들든지 해야할듯해요,3,0,2020-2-19
아니보스잡다가 튕겨서 다시 들어갈려니 대기걸리고 뭔보스를 잡으라는건지 말란건지 어이가 없네요 조치가 필요하다고 생각합니다.,1,1,2020-2-13
장난하냐.신섭접속도안되서 다시들어갈려니 생성제한? 홍보는 뭣하러했냐.닭들도아니고2천명씩대기타다 접속도못해보고접는다.쓰뤠0겜,1,1,2020-2-12
어차피 정의되디 않는 오류인데. . .말씀드린다고 정의 될까요. . .어차피 완삭했는데. . . 폰은 겔럭시 8+ 써요,1,1,2020-3-4
"겜 자체는 괜찮은거 같은데, 접속할때마다 대기열 기다리면서 접속해야함 접속하는데 기본 5분에서 10분 걸림",2,0,2020-3-8
어느정도 득템의 재미가 있었는데.. 점점 현질유도. 역시 돈슨게임. 돈있는자여 접속하라..,2,2,2020-3-18
그래픽도 괜찮고 나름 재미있긴한데 반 노가다 및 현질이 없음 안돼는 게임입니다,3,0,2020-3-24
알피지게임좋아하면하세요 잼있습니다 컴퓨터게임일하는듯한느낌,5,0,2020-5-22
전엔 별 다섯개.. 요즘 느끼는건 드랍율과 강화확율이 현저히 낮아졋다는 점.. 이게 매번 업데이트마다 잠수패치를 해서 문제..,3,1,2020-2-11
캐릭터 만들데 매지션을 남성 으로 하고 싶었는데 여성이어서 아쉽네요 이점을 바꿔주면 좋겠습니다.,3,2,2020-2-1
새로오픈을 하면 뭐하지!겜접속자수에 비해 서버가 열리지도 못할거면 운영에 의미가 있긴하나 싶으다.,1,1,2020-2-11
신서버가 사용자 제안이라서 접속이 안되네요 사전등록까지 했는데 대기자는 넘처나고 신섭에서 생성가능하게 서버좀 늘려주세요..,4,0,2020-2-12
지도를 클릭하면 튕기는 현상이 반복 됩니다 개선 부탁드립니다 게임을 켜기가 싫어집니다,3,0,2020-3-1
무진장 좋고 겁나게 아이템 안나와요,5,0,2020-6-10
게임내 캐릭터가 계속 투명해지고 사라지는 현상이 계속됩니다.,3,1,2020-1-25
ㅋㅋ신섭나왔다고 12시부터 2800명 대기 2시간 반했더니 1명남아서 게임접속하려고 들어갓더니 서버점검이네 ㅡㅡ 통수 개쩌네 이래서 안되 ㅡㅡ 현질유도만 미친듯이하면서 ㅋㅋ이딴건 애초부터 이리될걸알았으면 고치면서해야지ㅡㅡ,1,0,2020-2-11
다른건 다좋은데 접속대기좀 제발 어떻게 해주면 안되나 기달려도 예를들면 100에서 네려 가야되는데 지나도지나도 100은똑같고 99겨우되도 똑같이 99고 진짜 하기싫어져요,5,1,2020-3-8
신규로 시작했는데 패치하고 일반 출석부로 변했네요 카페보니까 저만 그런거 아닌거 같은데 따로 공지 같은건 없나요?,3,1,2020-2-11
그래픽도 좋고 재미있네요,3,0,2020-4-14
스킬연계시스템 스킬화려해서 좋네요. 캐릭터 삭제가 50렙찍고라니ㅠ 그건너무한듯..,5,2,2020-2-11
서버좀 확충하세요. 맨날 대기.. ㅠ 기사에선 넥슨의 마지막 희망이라는데 마지막 희망에게 주는 서버가 너무 적습니다.,1,3,2020-2-24
"특별 할 것도 없는 게임 그래서 그냥 한다. 현질하고 싶으면 하고, 않하고 싶으면 않해도 할 수있는 게임 아이템 업그리이드 시키는 제미로 하는 중",3,5,2020-3-17
아쳐 상향이 좀 많이 필요한거 같아요. 같은 전투력인데도 아쳐가 몹 한마리 잡을때 평균 다른 캐릭터는 4마리 이상은 잡아요,3,1,2020-3-17
나는 이게임이 살아날려면 많은것들이 있겠지만 그중애 스킬 이 중요하다봅니다 스킬이 뭔 다 1인기 밖에 없으니 사냥이 빨리빨리 되나,3,1,2020-1-21
"아니 대체 자기섭 차원(파멸,허상)들어가면 왜 튕겨서 메인화면으로 돌아가는건가요?? 이거 해결좀해줘요 짜증나네",1,0,2020-1-25
신섭 서버관리 너무 심하네요..대기할 수는 있다고 생각하지만 숫자도 자기 마음대로 계속 늘어나고 대기하다가 갑자기 팅겨서 다시 처음부터 대기를 하는 상태라니.. 게임을 접하지 말라는 의미로 밖에 안보이네요,1,1,2020-2-12
설치 후 접속 시도 전부 18세 이용가 이미지 후 팅겨서 재부팅 후 재시도해봐도 18세 이용가 이미지 후 팅김 이런 18세이용가,1,3,2020-1-25
"신규서버?? 입장 생성도못하네요 사전등록 했는데 생성이불가?? 사전등록은 음,,,,아무튼 바이바이",1,1,2020-2-12
들아갈때마다 대기타면 어쩌라는거임? 예상인원 파악도 못하고 서버 만든건가? 기다리다 지치면 게임포기 하라는거죠,1,1,2020-2-15
점검후 접속이안되요 폰으로하는데 왜 안들어가질까요? 정의되지않는오류라고 뜹니다 들어가고싶어요ㅜㅜ,1,0,2020-2-25
서버를 키워주던가 방법을 찾으셔야지 접속 끊기면 기본 30분씩 대기열 기다려야되고 게임을 하라는건지 말라는건지,1,0,2020-3-9
가끔 생기는 접속 불량 상태가. 답답하긴하지만. 즐겁고 잼나요^^,5,1,2020-3-24
잘못결제하였습니다 환불요청좀할께요,4,0,2020-4-17
지금까지 이렇게 재밌는 mmorpg없었는데 재밌네요 많은 노동을 필요로하지만 무과금도 가능하고 ㅋㅋㅋ 활쟁이 직업은 언제 추가되나요 얼른 하고싶어요,5,1,2020-1-23
이왕 업데이트한 거 모든 몬스터사낭 경험치 좀 많이 주도록 업데이트 해주시지 사냥 경험치 많이 주도록 업데이트를 해주세요 지금보다 경험치 4배 이상 더 주도록 업데이트해주세요,5,0,2020-1-28
와 한시간 넘게 업데이트 다운 받고 있었는데 긴급점검으로 받은거 다 날라 갔습니다~!!! 새로 많이 나왔길래 입문해볼라는데 참 힘드네요...,1,0,2020-2-11
타격감!!! 선명한 해상도~!!! 부드러운 엔진~!!! 훌륭합니다........!!!!,5,0,2020-2-14
뭐야? 신규섭에서 영웅템 준다고 문자가와서 접었다가 다시 복구했는대 왜 안주는거얌?,5,1,2020-2-15
서브 폰으로 겜 할려는데 왜 구글에서 검색이 안되는걸까요..구글 버전은 최신이고 기종은 LG-X500입니다,5,0,2020-2-26
게임이뭐 실행이되야뭘하죠ㅋㅋㅋ화면까지나오고업데이트다하고햇는데 로딩끝나고 바로그냥 팅겨버리네ㅋㅋ,1,0,2020-3-25
한국에서 플레이하다가 외국나와서하려고하니 접속이안되네요..ㅜㅜ,1,0,2020-3-27
현질을 안하면 게임을 할수없는 게임,1,0,2020-4-9
키우는방법 잘 모르겟어요ㅡ,3,0,2020-6-16
재밌네요 게임 무과금도 할수있고 그래픽도 좋고 옆동네 ㄹㄴㅈ보다 훨낫네요,5,1,2020-2-20
재미있는데 어제부터 좌우로 움직여지지가 않아요?위아래로는 되는데?,3,0,2020-3-2
"게임은 제미가 있었는데요, 상위 길드들의 통제에 일반 유저들은 게임을 제대로 즐길수 없는게 흠이네요",2,2,2020-3-19
갤럭시탭 S6에선 겜 실행이 안되나요? 설치까진 됐는데 자꾸만 튕기네요..,1,0,2020-3-27
구글 개정 해킹 당해서 결제가일어났는데 어떤게임인가 한접 접속해봅니다,1,0,2020-4-7
게임 시작도 안된다 계속 튕김,1,0,2020-5-19
좋아요 무자본으로도 충분히 즐겨요,5,0,2020-6-16
캐릭터 생성에서 이름입력이 안되네요.. 삭제후 재설치해도 마찬가지구요..,1,1,2020-1-28
게임이 진행되다 갑자기 팅겨요. 무슨 렉이 걸리는 것도 아니고 한 순간에 꺼져버리네요.,1,0,2020-2-3
잠깐 메시지보고 다시 게임으로들어가면 또처음으로 들어가서 귀찮네요. 좀 게임했던 그장면을 있으면안되낭,4,0,2020-2-20
술먹고 겜한건 기억이 나는데... 아침에 깨서 해보니 템이 전부 사라져있음.. 술먹고 전부 강화해서 터진듯.. 대책이 필요함...,3,0,2020-2-14
돈벌려고 겜 만들었지 rpg가 노가다고 시간줄일려면 현질해야하고 당연한거 아닌가 그나마 시간들이면 과금러비슷해지는게 v4다 갓겜이지 이정도면 vip라서 추가옵주고 그런거 없는게 어디임,5,0,2020-3-9
리니지보단 재미있다. 그런데 40넘으면서 렙 올리기 어렵네요. 자꾸 죽고...,5,0,2020-1-23
잘 만드신거 같긴한데 템이 너무 안나옴..시간갈수록 재미가 떨어저 가네요.역시나 결재해아하는 그런겜으로 가는거 같은느낌.,1,0,2020-1-25
재설치해도 정의 되지 않는 오류 뜨고 계속 않됩니다.,1,0,2020-2-18
자동사냥돌려놓고딴거하고잇다가다시보면다른유저들이 저죽여놓던데그거막은방법없나요?,3,0,2020-2-11
서버 바꿀수없나요.. 매번 대기인원이 보통150명 이상인데 다른 서버로 바꿔주세요. 레벨 그대로,1,0,2020-3-4
